lot,priority_score,path,route,title,kind,section,words,course_role,course_action,modules,audience_routes,narrative_status,narrative_signals,didactic_status,didactic_signals,consistency_band,review_flags,orientation_relations,explicit_orientation_reference,explicit_guide_reference,visual_status,visual_decision,visual_family,featured,svg_assets,accessible_svg,inline_images,missing_alt,current_h5p,interaction_candidate,interaction_technology,internal_links,cross_section_links,organization_needs
L1-nucleo-riesgos-y-solapamientos,14,ia-educacion/integracion-curricular/ia-aprendizaje-hibrido/index.md,/ia-educacion/integracion-curricular/ia-aprendizaje-hibrido/,IA en el aprendizaje híbrido y activo,page,ia-educacion,773,referencia-en-cuarentena,reescribir-antes-de-enlazar,M5,profesorado,debil,1,robusto-candidato,8,revision-prioritaria,correspondencia-samr-bloom-por-revisar|interactividad-con-chat-por-justificar|deteccion-de-ia-requiere-mediacion,agenciamiento-y-cocreacion|aprendizaje-y-evaluacion-del-proceso|etica-contexto-y-cuidados|diseno-activo-hibrido|decision-institucional-y-tecnologia,false,false,solo-imagen-de-portada,reencuadrar-o-sustituir-tras-lectura,ilustracion-mixta,true,0,0,0,0,,escenario-de-decision-con-consecuencias,H5P.BranchingScenario o alternativa HTML accesible,0,0,crear-enlaces-de-continuidad|vincular-orientaciones|vincular-guia-por-audiencia
L1-nucleo-riesgos-y-solapamientos,11,formacion-docente/modelos-samr-icap/index.md,/formacion-docente/modelos-samr-icap/,Dos preguntas distintas sobre una misma actividad,page,formacion-docente,1098,nucleo-candidato,reescribir-antes-de-enlazar,M5,profesorado,robusto-candidato,5,robusto-candidato,7,revision-prioritaria,correspondencia-samr-bloom-por-revisar|interactividad-con-chat-por-justificar,verificacion-y-fuentes|agenciamiento-y-cocreacion|aprendizaje-y-evaluacion-del-proceso|etica-contexto-y-cuidados|diseno-activo-hibrido|decision-institucional-y-tecnologia,false,false,visual-explicativo-candidato,reencuadrar-o-sustituir-tras-lectura,ilustracion-mixta,true,4,4,0,0,,escenario-de-decision-con-consecuencias,H5P.BranchingScenario o alternativa HTML accesible,0,0,crear-enlaces-de-continuidad|conectar-entre-secciones|vincular-orientaciones|vincular-guia-por-audiencia
L1-nucleo-riesgos-y-solapamientos,11,formacion-docente/taxonomia-bloom-diseno-inverso/index.md,/formacion-docente/taxonomia-bloom-diseno-inverso/,Partir de lo que quieres observar,page,formacion-docente,1007,nucleo-candidato,reescribir-antes-de-enlazar,M5,profesorado,parcial,4,robusto-candidato,8,revision-prioritaria,correspondencia-samr-bloom-por-revisar,verificacion-y-fuentes|agenciamiento-y-cocreacion|aprendizaje-y-evaluacion-del-proceso|etica-contexto-y-cuidados|diseno-activo-hibrido|decision-institucional-y-tecnologia,false,false,visual-explicativo-candidato,reencuadrar-o-sustituir-tras-lectura,ilustracion-mixta,true,1,1,0,0,,escenario-de-decision-con-consecuencias,H5P.BranchingScenario o alternativa HTML accesible,0,0,crear-enlaces-de-continuidad|conectar-entre-secciones|vincular-orientaciones|vincular-guia-por-audiencia
L1-nucleo-riesgos-y-solapamientos,11,ia-educacion/guias/agenciamiento-humano-ia/index.md,/ia-educacion/guias/agenciamiento-humano-ia/,Conservar la dirección del trabajo con IA,page,ia-educacion,2190,nucleo-candidato,reescribir-antes-de-enlazar,M3,comun,robusto-candidato,6,parcial,6,revision-prioritaria,interactividad-con-chat-por-justificar,verificacion-y-fuentes|agenciamiento-y-cocreacion|aprendizaje-y-evaluacion-del-proceso|etica-contexto-y-cuidados|diseno-activo-hibrido|decision-institucional-y-tecnologia,false,false,figura-gobernada,reencuadrar-o-sustituir-tras-lectura,ilustracion-mixta,true,3,3,1,0,direccion-epistemica-decidir-reformular,auditar-y-mediar-h5p-existente,H5P ya gobernado,2,2,vincular-orientaciones|vincular-guia-por-audiencia
L1-nucleo-riesgos-y-solapamientos,11,recursos/glosario/taxonomia-de-bloom/index.md,/recursos/glosario/taxonomia-de-bloom/,Taxonomía de Bloom,page,recursos,204,referencia-en-cuarentena,fusionar-o-desduplicar,M5,profesorado,debil,1,parcial,6,revision-prioritaria,,agenciamiento-y-cocreacion|aprendizaje-y-evaluacion-del-proceso|diseno-activo-hibrido,false,false,solo-imagen-de-portada,sustituir-por-sistema-de-iconos-o-retirar,neon-tecnologico-generico,true,0,0,0,0,,sin-interaccion-obligatoria,Ninguna,0,0,crear-enlaces-de-continuidad|vincular-orientaciones|vincular-guia-por-audiencia
L1-nucleo-riesgos-y-solapamientos,10,ia-educacion/etica-y-transparencia/alfabetizacion-critica-ia/index.md,/ia-educacion/etica-y-transparencia/alfabetizacion-critica-ia/,Principios de la alfabetización crítica en inteligencia artificial,page,ia-educacion,675,nucleo-candidato,reutilizar-con-ajustes,M2,comun,debil,0,parcial,4,sin-alerta-automatica,,verificacion-y-fuentes|agenciamiento-y-cocreacion|aprendizaje-y-evaluacion-del-proceso|etica-contexto-y-cuidados|decision-institucional-y-tecnologia,false,false,solo-imagen-de-portada,reencuadrar-o-sustituir-tras-lectura,ilustracion-mixta,true,0,0,0,0,,escenario-de-decision-con-consecuencias,H5P.BranchingScenario o alternativa HTML accesible,3,3,vincular-orientaciones|vincular-guia-por-audiencia
L1-nucleo-riesgos-y-solapamientos,9,formacion-docente/alfabetizacion-co-creacion/index.md,/formacion-docente/alfabetizacion-co-creacion/,Principios de la alfabetización para la co-creación con inteligencia artificial,page,formacion-docente,1346,apoyo-candidato,fusionar-o-desduplicar,M3,comun,parcial,4,robusto-candidato,8,revision-prioritaria,interactividad-con-chat-por-justificar|deteccion-de-ia-requiere-mediacion,verificacion-y-fuentes|agenciamiento-y-cocreacion|aprendizaje-y-evaluacion-del-proceso|etica-contexto-y-cuidados,false,false,solo-imagen-de-portada,reencuadrar-o-sustituir-tras-lectura,ilustracion-mixta,true,0,0,0,0,direccion-epistemica-hotspots|cocreacion-conceptos-cards,auditar-y-mediar-h5p-existente,H5P ya gobernado,4,1,vincular-orientaciones|vincular-guia-por-audiencia
L1-nucleo-riesgos-y-solapamientos,9,formacion-docente/aprendizaje-activo/index.md,/formacion-docente/aprendizaje-activo/,Qué hace activa una experiencia de aprendizaje,page,formacion-docente,964,nucleo-candidato,reescribir-antes-de-enlazar,M5,profesorado,robusto-candidato,5,robusto-candidato,7,revision-prioritaria,,verificacion-y-fuentes|agenciamiento-y-cocreacion|aprendizaje-y-evaluacion-del-proceso|etica-contexto-y-cuidados|diseno-activo-hibrido|decision-institucional-y-tecnologia,false,false,visual-explicativo-candidato,reencuadrar-o-sustituir-tras-lectura,ilustracion-mixta,true,1,1,0,0,,escenario-de-decision-con-consecuencias,H5P.BranchingScenario o alternativa HTML accesible,1,0,conectar-entre-secciones|vincular-orientaciones|vincular-guia-por-audiencia
L1-nucleo-riesgos-y-solapamientos,9,formacion-docente/aprendizaje-hibrido/index.md,/formacion-docente/aprendizaje-hibrido/,Conectar momentos para que el aprendizaje avance,page,formacion-docente,1198,nucleo-candidato,reescribir-antes-de-enlazar,M5,profesorado,robusto-candidato,5,robusto-candidato,8,revision-prioritaria,,agenciamiento-y-cocreacion|aprendizaje-y-evaluacion-del-proceso|etica-contexto-y-cuidados|diseno-activo-hibrido|decision-institucional-y-tecnologia,false,false,visual-explicativo-candidato,reencuadrar-o-sustituir-tras-lectura,ilustracion-mixta,true,2,2,0,0,,escenario-de-decision-con-consecuencias,H5P.BranchingScenario o alternativa HTML accesible,1,0,conectar-entre-secciones|vincular-orientaciones|vincular-guia-por-audiencia
L1-nucleo-riesgos-y-solapamientos,9,recursos/glosario/aprendizaje-hibrido/index.md,/recursos/glosario/aprendizaje-hibrido/,Aprendizaje híbrido,page,recursos,100,referencia-opcional,fusionar-o-desduplicar,M5,profesorado,debil,1,debil,2,revision-prioritaria,,aprendizaje-y-evaluacion-del-proceso|diseno-activo-hibrido|decision-institucional-y-tecnologia,false,false,solo-imagen-de-portada,sustituir-por-sistema-de-iconos-o-retirar,neon-tecnologico-generico,true,0,0,0,0,,sin-interaccion-obligatoria,Ninguna,3,1,vincular-orientaciones|vincular-guia-por-audiencia
L1-nucleo-riesgos-y-solapamientos,8,formacion-docente/alfabetizacion-agenciamiento-ia/index.md,/formacion-docente/alfabetizacion-agenciamiento-ia/,Alfabetización en co-creación: aprender a co-producir con IA,page,formacion-docente,2283,apoyo-candidato,fusionar-o-desduplicar,M3,comun,parcial,4,robusto-candidato,7,revision-prioritaria,bloom-como-jerarquia-o-secuencia|deteccion-de-ia-requiere-mediacion,verificacion-y-fuentes|agenciamiento-y-cocreacion|aprendizaje-y-evaluacion-del-proceso|etica-contexto-y-cuidados|diseno-activo-hibrido|decision-institucional-y-tecnologia,false,false,visual-explicativo-candidato,reencuadrar-o-sustituir-tras-lectura,ilustracion-mixta,true,0,0,0,0,cocreacion-evaluacion-recorrido,auditar-y-mediar-h5p-existente,H5P ya gobernado,11,7,vincular-orientaciones|vincular-guia-por-audiencia
L1-nucleo-riesgos-y-solapamientos,8,formacion-docente/taller-diseno-actividades-ia-backward/index.md,/formacion-docente/taller-diseno-actividades-ia-backward/,Taller: Diseño de actividades con IA (backward design),page,formacion-docente,2185,nucleo-candidato,reutilizar-con-ajustes,M5,profesorado,robusto-candidato,5,robusto-candidato,9,revision-dirigida,deteccion-de-ia-requiere-mediacion|autoria-o-responsabilidad-de-la-ia-por-revisar,verificacion-y-fuentes|agenciamiento-y-cocreacion|aprendizaje-y-evaluacion-del-proceso|etica-contexto-y-cuidados|diseno-activo-hibrido|decision-institucional-y-tecnologia,false,false,solo-imagen-de-portada,reencuadrar-o-sustituir-tras-lectura,ilustracion-mixta,true,0,0,0,0,,escenario-de-decision-con-consecuencias,H5P.BranchingScenario o alternativa HTML accesible,8,5,vincular-orientaciones|vincular-guia-por-audiencia
L1-nucleo-riesgos-y-solapamientos,8,ia-educacion/guias/privacidad-datos-ia/index.md,/ia-educacion/guias/privacidad-datos-ia/,Antes de compartir: protege datos y trabajos al usar IA,page,ia-educacion,1090,nucleo-candidato,reutilizar-con-ajustes,,comun,parcial,4,robusto-candidato,7,revision-dirigida,autoria-o-responsabilidad-de-la-ia-por-revisar,verificacion-y-fuentes|agenciamiento-y-cocreacion|aprendizaje-y-evaluacion-del-proceso|etica-contexto-y-cuidados|decision-institucional-y-tecnologia,false,false,solo-imagen-de-portada,reencuadrar-o-sustituir-tras-lectura,ilustracion-mixta,true,0,0,0,0,,escenario-de-decision-con-consecuencias,H5P.BranchingScenario o alternativa HTML accesible,2,1,vincular-orientaciones|vincular-guia-por-audiencia
L1-nucleo-riesgos-y-solapamientos,8,ia-educacion/orientaciones/index.md,/ia-educacion/orientaciones/,Propuesta de Orientaciones para el uso pedagógico de la IA,page,ia-educacion,346,referencia-en-cuarentena,conservar-como-profundizacion,,comun,parcial,2,parcial,6,revision-prioritaria,autoria-o-responsabilidad-de-la-ia-por-revisar,agenciamiento-y-cocreacion|aprendizaje-y-evaluacion-del-proceso|etica-contexto-y-cuidados|diseno-activo-hibrido|decision-institucional-y-tecnologia,false,false,sin-visual,evaluar-si-necesita-portada,sin-featured-local,false,0,0,0,0,,escenario-de-decision-con-consecuencias,H5P.BranchingScenario o alternativa HTML accesible,4,0,vincular-orientaciones|vincular-guia-por-audiencia
L1-nucleo-riesgos-y-solapamientos,7,formacion-docente/pensamiento-critico-ia-generativa/index.md,/formacion-docente/pensamiento-critico-ia-generativa/,Pensamiento crítico ante la IA generativa,page,formacion-docente,1092,nucleo-candidato,reutilizar-con-ajustes,M1,comun,parcial,3,robusto-candidato,7,sin-alerta-automatica,,verificacion-y-fuentes|agenciamiento-y-cocreacion|aprendizaje-y-evaluacion-del-proceso|etica-contexto-y-cuidados|diseno-activo-hibrido,false,false,solo-imagen-de-portada,reencuadrar-o-sustituir-tras-lectura,ilustracion-mixta,true,0,0,0,0,,escenario-de-decision-con-consecuencias,H5P.BranchingScenario o alternativa HTML accesible,5,5,vincular-orientaciones|vincular-guia-por-audiencia
L1-nucleo-riesgos-y-solapamientos,7,ia-educacion/constelaciones/cocreacion-evaluacion/index.md,/ia-educacion/constelaciones/empezar-con-ia/,Empezar con IA para aprender y enseñar,page,ia-educacion,1620,nucleo-candidato,reutilizar-con-ajustes,M3,comun,parcial,4,robusto-candidato,7,revision-dirigida,autoria-o-responsabilidad-de-la-ia-por-revisar,verificacion-y-fuentes|agenciamiento-y-cocreacion|aprendizaje-y-evaluacion-del-proceso|etica-contexto-y-cuidados|diseno-activo-hibrido|decision-institucional-y-tecnologia,false,false,figura-gobernada,conservar-como-referencia,editorial-situada-o-conceptual-especifica,true,0,0,0,0,,escenario-de-decision-con-consecuencias,H5P.BranchingScenario o alternativa HTML accesible,5,1,vincular-orientaciones|vincular-guia-por-audiencia
L1-nucleo-riesgos-y-solapamientos,6,recursos/glosario/aprendizaje-activo/index.md,/recursos/glosario/aprendizaje-activo/,Aprendizaje activo,page,recursos,180,referencia-opcional,fusionar-o-desduplicar,M5,profesorado,debil,1,parcial,6,revision-prioritaria,,verificacion-y-fuentes|agenciamiento-y-cocreacion|aprendizaje-y-evaluacion-del-proceso|diseno-activo-hibrido,false,false,solo-imagen-de-portada,sustituir-por-sistema-de-iconos-o-retirar,neon-tecnologico-generico,true,0,0,0,0,,sin-interaccion-obligatoria,Ninguna,0,0,crear-enlaces-de-continuidad|vincular-orientaciones|vincular-guia-por-audiencia
L2-apoyos-y-practicas,10,formacion-docente/diseno-inverso-cocreacion-ia/13-autoevaluacion-final/index.md,/formacion-docente/diseno-inverso-cocreacion-ia/13-autoevaluacion-final/,Autoevaluación final sin calificación,page,formacion-docente,229,apoyo-candidato,revisar-en-fase-editorial,,profesorado,debil,1,debil,1,sin-alerta-automatica,,verificacion-y-fuentes|aprendizaje-y-evaluacion-del-proceso,false,false,solo-imagen-de-portada,reencuadrar-o-sustituir-tras-lectura,ilustracion-mixta,true,0,0,0,0,curso-l13-h5p-01|curso-l13-h5p-02|curso-l13-h5p-03|curso-l13-h5p-04|curso-l13-h5p-05|curso-l13-h5p-06|curso-l13-h5p-07|curso-l13-h5p-08|curso-l13-h5p-09|curso-l13-h5p-10|curso-l13-h5p-11|curso-l13-h5p-14|curso-l13-h5p-15|curso-l13-h5p-16|curso-l13-h5p-17|curso-l13-h5p-18|curso-l13-h5p-19|curso-l13-h5p-25,auditar-y-mediar-h5p-existente,H5P ya gobernado,0,0,crear-enlaces-de-continuidad|conectar-entre-secciones|vincular-orientaciones|vincular-guia-por-audiencia
L2-apoyos-y-practicas,10,ia-educacion/etica-y-transparencia/lineamientos-unesco-ia-educacion/index.md,/ia-educacion/etica-y-transparencia/lineamientos-unesco-ia-educacion/,Síntesis de los lineamientos UNESCO para IA en educación,page,ia-educacion,898,apoyo-candidato,revisar-en-fase-editorial,M2|M4,comun,debil,0,parcial,5,revision-dirigida,bloom-como-jerarquia-o-secuencia,verificacion-y-fuentes|agenciamiento-y-cocreacion|aprendizaje-y-evaluacion-del-proceso|etica-contexto-y-cuidados|decision-institucional-y-tecnologia,false,false,solo-imagen-de-portada,reencuadrar-o-sustituir-tras-lectura,ilustracion-mixta,true,0,0,0,0,,escenario-de-decision-con-consecuencias,H5P.BranchingScenario o alternativa HTML accesible,6,3,vincular-orientaciones|vincular-guia-por-audiencia
L2-apoyos-y-practicas,9,actividades/comparar-sugerencias/index.md,/actividades/comparar-sugerencias/,Decide qué hacer con dos cambios que te proponen a tu texto,page,actividades,2,banco-de-practicas,reutilizar-con-ajustes,,estudiantado,debil,0,debil,1,sin-alerta-automatica,,diseno-activo-hibrido,false,false,solo-imagen-de-portada,reencuadrar-o-sustituir-tras-lectura,ilustracion-mixta,true,0,0,0,0,,hoja-de-trabajo-guiada,HTML/Markdown descargable; H5P solo si no recopila datos,0,0,crear-enlaces-de-continuidad|conectar-entre-secciones|vincular-orientaciones|vincular-guia-por-audiencia
L2-apoyos-y-practicas,9,actividades/revisar-actividad/index.md,/actividades/revisar-actividad/,"Revisa una actividad tuya en tres frases: lo que pides, lo que practican, lo que entregan",page,actividades,81,banco-de-practicas,reutilizar-con-ajustes,,profesorado,debil,0,debil,2,sin-alerta-automatica,,verificacion-y-fuentes|agenciamiento-y-cocreacion|diseno-activo-hibrido,false,false,figura-gobernada,reencuadrar-o-sustituir-tras-lectura,ilustracion-mixta,true,0,0,0,0,,comparador-de-versiones,H5P.ImageSlider o comparador HTML,0,0,crear-enlaces-de-continuidad|conectar-entre-secciones|vincular-orientaciones|vincular-guia-por-audiencia
L2-apoyos-y-practicas,8,formacion-docente/diseno-inverso-cocreacion-ia/03-literacidades-ia/index.md,/formacion-docente/diseno-inverso-cocreacion-ia/03-literacidades-ia/,Literacidades para el uso de IA,page,formacion-docente,1552,apoyo-candidato,revisar-en-fase-editorial,,profesorado,parcial,2,parcial,5,revision-dirigida,autoria-o-responsabilidad-de-la-ia-por-revisar,verificacion-y-fuentes|agenciamiento-y-cocreacion|aprendizaje-y-evaluacion-del-proceso|etica-contexto-y-cuidados|diseno-activo-hibrido|decision-institucional-y-tecnologia,false,false,solo-imagen-de-portada,reencuadrar-o-sustituir-tras-lectura,ilustracion-mixta,true,0,0,0,0,curso-l03-h5p-02,auditar-y-mediar-h5p-existente,H5P ya gobernado,0,0,crear-enlaces-de-continuidad|conectar-entre-secciones|vincular-orientaciones|vincular-guia-por-audiencia
L2-apoyos-y-practicas,8,ia-educacion/etica-y-transparencia/marco-regulatorio-universidades-mexico/index.md,/ia-educacion/etica-y-transparencia/marco-regulatorio-universidades-mexico/,Marco regulatorio de IA en universidades mexicanas,page,ia-educacion,1036,apoyo-candidato,revisar-en-fase-editorial,M2|M4,comun,parcial,2,parcial,5,revision-dirigida,autoria-o-responsabilidad-de-la-ia-por-revisar,agenciamiento-y-cocreacion|aprendizaje-y-evaluacion-del-proceso|etica-contexto-y-cuidados|decision-institucional-y-tecnologia,false,false,solo-imagen-de-portada,reencuadrar-o-sustituir-tras-lectura,ilustracion-mixta,true,0,0,0,0,,escenario-de-decision-con-consecuencias,H5P.BranchingScenario o alternativa HTML accesible,5,2,vincular-orientaciones|vincular-guia-por-audiencia
L2-apoyos-y-practicas,7,formacion-docente/diseno-inverso-cocreacion-ia/09-analisis-casos/index.md,/formacion-docente/diseno-inverso-cocreacion-ia/09-analisis-casos/,Análisis de casos,page,formacion-docente,1754,apoyo-candidato,revisar-en-fase-editorial,,profesorado,parcial,3,robusto-candidato,7,revision-dirigida,deteccion-de-ia-requiere-mediacion,verificacion-y-fuentes|agenciamiento-y-cocreacion|aprendizaje-y-evaluacion-del-proceso|etica-contexto-y-cuidados|diseno-activo-hibrido|decision-institucional-y-tecnologia,false,false,solo-imagen-de-portada,reencuadrar-o-sustituir-tras-lectura,ilustracion-mixta,true,0,0,0,0,curso-l09-h5p-02,auditar-y-mediar-h5p-existente,H5P ya gobernado,0,0,crear-enlaces-de-continuidad|conectar-entre-secciones|vincular-orientaciones|vincular-guia-por-audiencia
L2-apoyos-y-practicas,7,formacion-docente/diseno-inverso-cocreacion-ia/12-evaluacion-mejora-continua/index.md,/formacion-docente/diseno-inverso-cocreacion-ia/12-evaluacion-mejora-continua/,"Evaluación, retroalimentación y mejora continua",page,formacion-docente,1710,apoyo-candidato,revisar-en-fase-editorial,,profesorado,parcial,3,robusto-candidato,8,revision-dirigida,bloom-como-jerarquia-o-secuencia|deteccion-de-ia-requiere-mediacion|autoria-o-responsabilidad-de-la-ia-por-revisar,verificacion-y-fuentes|agenciamiento-y-cocreacion|aprendizaje-y-evaluacion-del-proceso|etica-contexto-y-cuidados|diseno-activo-hibrido|decision-institucional-y-tecnologia,false,false,solo-imagen-de-portada,reencuadrar-o-sustituir-tras-lectura,ilustracion-mixta,true,0,0,0,0,curso-l12-h5p-02,auditar-y-mediar-h5p-existente,H5P ya gobernado,0,0,crear-enlaces-de-continuidad|conectar-entre-secciones|vincular-orientaciones|vincular-guia-por-audiencia
L2-apoyos-y-practicas,7,formacion-docente/mapa-literacidades-ia/index.md,/formacion-docente/mapa-literacidades-ia/,Las tres literacidades en IA — mapa visual,page,formacion-docente,946,apoyo-candidato,revisar-en-fase-editorial,M5,profesorado,parcial,3,parcial,5,revision-dirigida,interactividad-con-chat-por-justificar|deteccion-de-ia-requiere-mediacion,verificacion-y-fuentes|agenciamiento-y-cocreacion|aprendizaje-y-evaluacion-del-proceso|etica-contexto-y-cuidados|diseno-activo-hibrido,false,false,visual-explicativo-candidato,reencuadrar-o-sustituir-tras-lectura,ilustracion-mixta,true,0,0,0,0,,escenario-de-decision-con-consecuencias,H5P.BranchingScenario o alternativa HTML accesible,8,3,vincular-orientaciones|vincular-guia-por-audiencia
L2-apoyos-y-practicas,7,ia-educacion/guias/ingenieria-de-prompts-para-docentes/index.md,/ia-educacion/guias/ingenieria-de-prompts-para-docentes/,"Escribe una petición a la IA que puedas revisar: tarea, material y límites",page,ia-educacion,938,apoyo-candidato,revisar-en-fase-editorial,M3|M4|M5|M6,estudiantado|profesorado,parcial,3,robusto-candidato,9,revision-dirigida,deteccion-de-ia-requiere-mediacion,verificacion-y-fuentes|agenciamiento-y-cocreacion|etica-contexto-y-cuidados|diseno-activo-hibrido,false,false,solo-imagen-de-portada,reencuadrar-o-sustituir-tras-lectura,ilustracion-mixta,true,0,0,0,0,,escenario-de-decision-con-consecuencias,H5P.BranchingScenario o alternativa HTML accesible,1,0,conectar-entre-secciones|vincular-orientaciones|vincular-guia-por-audiencia
L2-apoyos-y-practicas,7,recursos/glosario/evaluacion-autentica/index.md,/recursos/glosario/evaluacion-autentica/,Evaluación auténtica,page,recursos,275,apoyo-candidato,reutilizar-con-ajustes,M5|M6,estudiantado|profesorado,debil,1,robusto-candidato,7,sin-alerta-automatica,,agenciamiento-y-cocreacion|aprendizaje-y-evaluacion-del-proceso|etica-contexto-y-cuidados|diseno-activo-hibrido,false,false,solo-imagen-de-portada,sustituir-por-sistema-de-iconos-o-retirar,neon-tecnologico-generico,true,0,0,0,0,,sin-interaccion-obligatoria,Ninguna,0,0,crear-enlaces-de-continuidad|conectar-entre-secciones|vincular-orientaciones|vincular-guia-por-audiencia
L2-apoyos-y-practicas,6,formacion-docente/alfabetizacion-operativa/index.md,/formacion-docente/alfabetizacion-operativa/,Principios de la alfabetización operativa en inteligencia artificial,page,formacion-docente,669,apoyo-candidato,revisar-en-fase-editorial,M5,profesorado,robusto-candidato,5,parcial,6,revision-dirigida,deteccion-de-ia-requiere-mediacion,verificacion-y-fuentes|agenciamiento-y-cocreacion|etica-contexto-y-cuidados|diseno-activo-hibrido|decision-institucional-y-tecnologia,false,false,solo-imagen-de-portada,reencuadrar-o-sustituir-tras-lectura,ilustracion-mixta,true,0,0,0,0,,comparador-de-versiones,H5P.ImageSlider o comparador HTML,5,2,vincular-orientaciones|vincular-guia-por-audiencia
L2-apoyos-y-practicas,6,formacion-docente/alfabetizacion/index.md,/formacion-docente/alfabetizacion/,Alfabetización digital,page,formacion-docente,1367,apoyo-candidato,revisar-en-fase-editorial,M5,profesorado,parcial,3,parcial,6,revision-dirigida,deteccion-de-ia-requiere-mediacion,verificacion-y-fuentes|agenciamiento-y-cocreacion|aprendizaje-y-evaluacion-del-proceso|etica-contexto-y-cuidados|diseno-activo-hibrido,false,false,visual-explicativo-candidato,reencuadrar-o-sustituir-tras-lectura,ilustracion-mixta,true,0,0,0,0,,escenario-de-decision-con-consecuencias,H5P.BranchingScenario o alternativa HTML accesible,14,7,vincular-orientaciones|vincular-guia-por-audiencia
L2-apoyos-y-practicas,6,formacion-docente/competencias-digitales-ia-estudiantes/index.md,/formacion-docente/competencias-digitales-ia-estudiantes/,Competencias digitales con IA para estudiantes,page,formacion-docente,1119,apoyo-candidato,revisar-en-fase-editorial,M5,profesorado,parcial,4,robusto-candidato,8,revision-dirigida,autoria-o-responsabilidad-de-la-ia-por-revisar,verificacion-y-fuentes|aprendizaje-y-evaluacion-del-proceso|etica-contexto-y-cuidados,false,false,solo-imagen-de-portada,reencuadrar-o-sustituir-tras-lectura,ilustracion-mixta,true,0,0,0,0,,escenario-de-decision-con-consecuencias,H5P.BranchingScenario o alternativa HTML accesible,9,7,vincular-orientaciones|vincular-guia-por-audiencia
L2-apoyos-y-practicas,6,formacion-docente/diseno-inverso-cocreacion-ia/01-panorama-activo-hibrido/index.md,/formacion-docente/diseno-inverso-cocreacion-ia/01-panorama-activo-hibrido/,Panorama del aprendizaje activo e híbrido,page,formacion-docente,1100,apoyo-candidato,revisar-en-fase-editorial,,profesorado,parcial,2,parcial,6,revision-dirigida,interactividad-con-chat-por-justificar,verificacion-y-fuentes|agenciamiento-y-cocreacion|aprendizaje-y-evaluacion-del-proceso|etica-contexto-y-cuidados|diseno-activo-hibrido|decision-institucional-y-tecnologia,false,false,visual-explicativo-candidato,reencuadrar-o-sustituir-tras-lectura,ilustracion-mixta,true,2,2,0,0,curso-l01-h5p-02,auditar-y-mediar-h5p-existente,H5P ya gobernado,0,0,crear-enlaces-de-continuidad|conectar-entre-secciones|vincular-orientaciones|vincular-guia-por-audiencia
L2-apoyos-y-practicas,6,formacion-docente/diseno-inverso-cocreacion-ia/04-cocreacion-persona-ia/index.md,/formacion-docente/diseno-inverso-cocreacion-ia/04-cocreacion-persona-ia/,Cocreación persona–IA en el diseño docente,page,formacion-docente,1464,apoyo-candidato,revisar-en-fase-editorial,,profesorado,parcial,4,parcial,6,revision-dirigida,autoria-o-responsabilidad-de-la-ia-por-revisar,verificacion-y-fuentes|agenciamiento-y-cocreacion|aprendizaje-y-evaluacion-del-proceso|etica-contexto-y-cuidados|diseno-activo-hibrido|decision-institucional-y-tecnologia,false,false,solo-imagen-de-portada,reencuadrar-o-sustituir-tras-lectura,ilustracion-mixta,true,0,0,0,0,curso-l04-h5p-02,auditar-y-mediar-h5p-existente,H5P ya gobernado,0,0,crear-enlaces-de-continuidad|conectar-entre-secciones|vincular-orientaciones|vincular-guia-por-audiencia
L2-apoyos-y-practicas,6,formacion-docente/diseno-inverso-cocreacion-ia/05-contexto-diagnostico/index.md,/formacion-docente/diseno-inverso-cocreacion-ia/05-contexto-diagnostico/,Delimitación del contexto y diagnóstico inicial,page,formacion-docente,1792,apoyo-candidato,revisar-en-fase-editorial,,profesorado,parcial,4,robusto-candidato,7,revision-dirigida,deteccion-de-ia-requiere-mediacion,verificacion-y-fuentes|agenciamiento-y-cocreacion|aprendizaje-y-evaluacion-del-proceso|etica-contexto-y-cuidados|diseno-activo-hibrido|decision-institucional-y-tecnologia,false,false,solo-imagen-de-portada,reencuadrar-o-sustituir-tras-lectura,ilustracion-mixta,true,0,0,0,0,curso-l05-h5p-02,auditar-y-mediar-h5p-existente,H5P ya gobernado,0,0,crear-enlaces-de-continuidad|conectar-entre-secciones|vincular-orientaciones|vincular-guia-por-audiencia
L2-apoyos-y-practicas,6,formacion-docente/diseno-inverso-cocreacion-ia/06-resultados-aprendizaje/index.md,/formacion-docente/diseno-inverso-cocreacion-ia/06-resultados-aprendizaje/,Formulación de resultados de aprendizaje observables,page,formacion-docente,2115,apoyo-candidato,revisar-en-fase-editorial,,profesorado,parcial,4,robusto-candidato,8,revision-dirigida,bloom-como-jerarquia-o-secuencia|deteccion-de-ia-requiere-mediacion,verificacion-y-fuentes|agenciamiento-y-cocreacion|aprendizaje-y-evaluacion-del-proceso|etica-contexto-y-cuidados|diseno-activo-hibrido,false,false,solo-imagen-de-portada,reencuadrar-o-sustituir-tras-lectura,ilustracion-mixta,true,0,0,0,0,curso-l06-h5p-03,auditar-y-mediar-h5p-existente,H5P ya gobernado,0,0,crear-enlaces-de-continuidad|conectar-entre-secciones|vincular-orientaciones|vincular-guia-por-audiencia
L2-apoyos-y-practicas,6,formacion-docente/diseno-inverso-cocreacion-ia/07-evidencias-criterios/index.md,/formacion-docente/diseno-inverso-cocreacion-ia/07-evidencias-criterios/,Determinación de evidencias y criterios de calidad,page,formacion-docente,2342,apoyo-candidato,revisar-en-fase-editorial,,profesorado,parcial,4,robusto-candidato,7,revision-dirigida,bloom-como-jerarquia-o-secuencia|deteccion-de-ia-requiere-mediacion|autoria-o-responsabilidad-de-la-ia-por-revisar,verificacion-y-fuentes|agenciamiento-y-cocreacion|aprendizaje-y-evaluacion-del-proceso|etica-contexto-y-cuidados|diseno-activo-hibrido|decision-institucional-y-tecnologia,false,false,solo-imagen-de-portada,reencuadrar-o-sustituir-tras-lectura,ilustracion-mixta,true,0,0,0,0,curso-l07-h5p-03,auditar-y-mediar-h5p-existente,H5P ya gobernado,0,0,crear-enlaces-de-continuidad|conectar-entre-secciones|vincular-orientaciones|vincular-guia-por-audiencia
L2-apoyos-y-practicas,6,formacion-docente/diseno-inverso-cocreacion-ia/10-limitaciones-analisis/index.md,/formacion-docente/diseno-inverso-cocreacion-ia/10-limitaciones-analisis/,Limitaciones del análisis,page,formacion-docente,1856,apoyo-candidato,revisar-en-fase-editorial,,profesorado,robusto-candidato,5,robusto-candidato,8,revision-dirigida,deteccion-de-ia-requiere-mediacion|autoria-o-responsabilidad-de-la-ia-por-revisar,verificacion-y-fuentes|agenciamiento-y-cocreacion|aprendizaje-y-evaluacion-del-proceso|etica-contexto-y-cuidados|diseno-activo-hibrido|decision-institucional-y-tecnologia,false,false,solo-imagen-de-portada,reencuadrar-o-sustituir-tras-lectura,ilustracion-mixta,true,0,0,0,0,curso-l10-h5p-03,auditar-y-mediar-h5p-existente,H5P ya gobernado,0,0,crear-enlaces-de-continuidad|conectar-entre-secciones|vincular-orientaciones|vincular-guia-por-audiencia
L2-apoyos-y-practicas,6,formacion-docente/diseno-inverso-cocreacion-ia/11-priorizar-intervenciones/index.md,/formacion-docente/diseno-inverso-cocreacion-ia/11-priorizar-intervenciones/,Priorizar intervenciones con evidencia,page,formacion-docente,1483,apoyo-candidato,revisar-en-fase-editorial,,profesorado,parcial,4,robusto-candidato,7,revision-dirigida,autoria-o-responsabilidad-de-la-ia-por-revisar,verificacion-y-fuentes|agenciamiento-y-cocreacion|aprendizaje-y-evaluacion-del-proceso|etica-contexto-y-cuidados|decision-institucional-y-tecnologia,false,false,solo-imagen-de-portada,reencuadrar-o-sustituir-tras-lectura,ilustracion-mixta,true,0,0,0,0,curso-l11-h5p-04,auditar-y-mediar-h5p-existente,H5P ya gobernado,0,0,crear-enlaces-de-continuidad|conectar-entre-secciones|vincular-orientaciones|vincular-guia-por-audiencia
L2-apoyos-y-practicas,6,formacion-docente/evaluacion-retroalimentacion/index.md,/formacion-docente/evaluacion-retroalimentacion/,Evaluación y retroalimentación en el aprendizaje activo,page,formacion-docente,1692,apoyo-candidato,reutilizar-con-ajustes,M5|M6,profesorado,parcial,4,robusto-candidato,8,revision-dirigida,deteccion-de-ia-requiere-mediacion,verificacion-y-fuentes|agenciamiento-y-cocreacion|aprendizaje-y-evaluacion-del-proceso|etica-contexto-y-cuidados|diseno-activo-hibrido|decision-institucional-y-tecnologia,false,false,solo-imagen-de-portada,reencuadrar-o-sustituir-tras-lectura,ilustracion-mixta,true,0,0,0,0,,escenario-de-decision-con-consecuencias,H5P.BranchingScenario o alternativa HTML accesible,0,0,crear-enlaces-de-continuidad|conectar-entre-secciones|vincular-orientaciones|vincular-guia-por-audiencia
L2-apoyos-y-practicas,6,formacion-docente/formacion-continua/index.md,/formacion-docente/formacion-continua/,Formación continua,page,formacion-docente,466,apoyo-candidato,revisar-en-fase-editorial,M5,profesorado,parcial,3,parcial,5,sin-alerta-automatica,,aprendizaje-y-evaluacion-del-proceso|etica-contexto-y-cuidados|decision-institucional-y-tecnologia,false,false,solo-imagen-de-portada,reencuadrar-o-sustituir-tras-lectura,ilustracion-mixta,true,0,0,0,0,,comparador-de-versiones,H5P.ImageSlider o comparador HTML,3,2,vincular-orientaciones|vincular-guia-por-audiencia
L2-apoyos-y-practicas,6,formacion-docente/redes/index.md,/formacion-docente/redes/,Redes y comunidades,page,formacion-docente,514,apoyo-candidato,revisar-en-fase-editorial,M5,profesorado,parcial,2,parcial,4,sin-alerta-automatica,,aprendizaje-y-evaluacion-del-proceso|etica-contexto-y-cuidados|diseno-activo-hibrido|decision-institucional-y-tecnologia,false,false,solo-imagen-de-portada,reencuadrar-o-sustituir-tras-lectura,ilustracion-mixta,true,0,0,0,0,,escenario-de-decision-con-consecuencias,H5P.BranchingScenario o alternativa HTML accesible,2,1,vincular-orientaciones|vincular-guia-por-audiencia
L2-apoyos-y-practicas,6,formacion-docente/transformacion-pedagogica-digital/index.md,/formacion-docente/transformacion-pedagogica-digital/,La transformación pedagógica y digital en la UdeG,page,formacion-docente,1248,apoyo-candidato,revisar-en-fase-editorial,M5,profesorado,parcial,4,parcial,5,revision-dirigida,correspondencia-samr-bloom-por-revisar,agenciamiento-y-cocreacion|aprendizaje-y-evaluacion-del-proceso|etica-contexto-y-cuidados|diseno-activo-hibrido|decision-institucional-y-tecnologia,false,false,visual-explicativo-candidato,reencuadrar-o-sustituir-tras-lectura,ilustracion-mixta,true,0,0,2,0,,comparador-de-versiones,H5P.ImageSlider o comparador HTML,7,1,vincular-orientaciones|vincular-guia-por-audiencia
L2-apoyos-y-practicas,6,ia-educacion/etica-y-transparencia/marco-etico-ia-educacion-superior/index.md,/ia-educacion/etica-y-transparencia/marco-etico-ia-educacion-superior/,Cuatro criterios éticos para el uso de IA en educación superior,page,ia-educacion,2092,apoyo-candidato,reutilizar-con-ajustes,M2,comun,parcial,3,robusto-candidato,7,revision-dirigida,autoria-o-responsabilidad-de-la-ia-por-revisar,agenciamiento-y-cocreacion|aprendizaje-y-evaluacion-del-proceso|etica-contexto-y-cuidados|diseno-activo-hibrido|decision-institucional-y-tecnologia,false,false,visual-explicativo-candidato,reencuadrar-o-sustituir-tras-lectura,ilustracion-mixta,true,0,0,0,0,,escenario-de-decision-con-consecuencias,H5P.BranchingScenario o alternativa HTML accesible,0,0,crear-enlaces-de-continuidad|conectar-entre-secciones|vincular-orientaciones|vincular-guia-por-audiencia
L2-apoyos-y-practicas,6,ia-educacion/practicas/declaracion-proporcional-uso/index.md,/ia-educacion/practicas/declaracion-proporcional-uso/,"Declara qué apoyo te dio la IA, con el detalle que la tarea merece",page,ia-educacion,899,banco-de-practicas,reutilizar-con-ajustes,,comun,parcial,3,robusto-candidato,7,revision-dirigida,deteccion-de-ia-requiere-mediacion,verificacion-y-fuentes|agenciamiento-y-cocreacion|aprendizaje-y-evaluacion-del-proceso|etica-contexto-y-cuidados|diseno-activo-hibrido|decision-institucional-y-tecnologia,false,false,visual-explicativo-candidato,reencuadrar-o-sustituir-tras-lectura,ilustracion-mixta,true,1,0,0,0,,escenario-de-decision-con-consecuencias,H5P.BranchingScenario o alternativa HTML accesible,3,0,conectar-entre-secciones|vincular-orientaciones|vincular-guia-por-audiencia
L2-apoyos-y-practicas,6,recursos/articulos/selwyn-limites-ia-educacion/index.md,/recursos/articulos/selwyn-limites-ia-educacion/,On the limits of artificial intelligence (AI) in education — Selwyn,page,recursos,398,apoyo-candidato,reutilizar-con-ajustes,M4,comun,parcial,3,parcial,3,sin-alerta-automatica,,agenciamiento-y-cocreacion|aprendizaje-y-evaluacion-del-proceso|etica-contexto-y-cuidados|decision-institucional-y-tecnologia,false,false,solo-imagen-de-portada,reencuadrar-o-sustituir-tras-lectura,ilustracion-mixta,true,0,0,0,0,,comparador-de-versiones,H5P.ImageSlider o comparador HTML,3,3,vincular-orientaciones|vincular-guia-por-audiencia
L2-apoyos-y-practicas,5,formacion-docente/diseno-inverso-cocreacion-ia/02-introduccion-diseno-inverso/index.md,/formacion-docente/diseno-inverso-cocreacion-ia/02-introduccion-diseno-inverso/,Introducción al diseño inverso,page,formacion-docente,1371,apoyo-candidato,revisar-en-fase-editorial,,profesorado,robusto-candidato,5,robusto-candidato,8,revision-dirigida,deteccion-de-ia-requiere-mediacion,verificacion-y-fuentes|agenciamiento-y-cocreacion|aprendizaje-y-evaluacion-del-proceso|etica-contexto-y-cuidados|diseno-activo-hibrido|decision-institucional-y-tecnologia,false,false,visual-explicativo-candidato,reencuadrar-o-sustituir-tras-lectura,ilustracion-mixta,true,1,1,0,0,curso-l02-h5p-02,auditar-y-mediar-h5p-existente,H5P ya gobernado,0,0,crear-enlaces-de-continuidad|conectar-entre-secciones|vincular-orientaciones|vincular-guia-por-audiencia
L2-apoyos-y-practicas,5,ia-educacion/etica-y-transparencia/costos-ecologicos-proporcionalidad/index.md,/ia-educacion/etica-y-transparencia/costos-ecologicos-proporcionalidad/,Costos ecológicos de la IA y el criterio de proporcionalidad,page,ia-educacion,1314,apoyo-candidato,revisar-en-fase-editorial,M2,comun,parcial,3,parcial,5,sin-alerta-automatica,,agenciamiento-y-cocreacion|aprendizaje-y-evaluacion-del-proceso|etica-contexto-y-cuidados|diseno-activo-hibrido|decision-institucional-y-tecnologia,false,false,visual-explicativo-candidato,reencuadrar-o-sustituir-tras-lectura,ilustracion-mixta,true,1,0,0,0,,escenario-de-decision-con-consecuencias,H5P.BranchingScenario o alternativa HTML accesible,5,2,vincular-orientaciones|vincular-guia-por-audiencia
L2-apoyos-y-practicas,5,ia-educacion/etica-y-transparencia/plagio-autenticidad-era-ia/index.md,/ia-educacion/etica-y-transparencia/plagio-autenticidad-era-ia/,Plagio y autenticidad académica en la era de la IA,page,ia-educacion,1617,apoyo-candidato,reutilizar-con-ajustes,M2|M4,comun,parcial,4,robusto-candidato,8,revision-dirigida,deteccion-de-ia-requiere-mediacion|autoria-o-responsabilidad-de-la-ia-por-revisar,verificacion-y-fuentes|agenciamiento-y-cocreacion|aprendizaje-y-evaluacion-del-proceso|etica-contexto-y-cuidados|diseno-activo-hibrido|decision-institucional-y-tecnologia,false,false,visual-explicativo-candidato,reencuadrar-o-sustituir-tras-lectura,ilustracion-mixta,true,0,0,0,0,,escenario-de-decision-con-consecuencias,H5P.BranchingScenario o alternativa HTML accesible,0,0,crear-enlaces-de-continuidad|conectar-entre-secciones|vincular-orientaciones|vincular-guia-por-audiencia
L2-apoyos-y-practicas,5,ia-educacion/etica-y-transparencia/sesgos-algoritmicos-equidad/index.md,/ia-educacion/etica-y-transparencia/sesgos-algoritmicos-equidad/,Sesgos algorítmicos y equidad educativa,page,ia-educacion,1915,apoyo-candidato,reutilizar-con-ajustes,M2,comun,parcial,4,robusto-candidato,7,revision-dirigida,deteccion-de-ia-requiere-mediacion|autoria-o-responsabilidad-de-la-ia-por-revisar,verificacion-y-fuentes|agenciamiento-y-cocreacion|aprendizaje-y-evaluacion-del-proceso|etica-contexto-y-cuidados|diseno-activo-hibrido|decision-institucional-y-tecnologia,false,false,visual-explicativo-candidato,reencuadrar-o-sustituir-tras-lectura,ilustracion-mixta,true,0,0,0,0,,escenario-de-decision-con-consecuencias,H5P.BranchingScenario o alternativa HTML accesible,0,0,crear-enlaces-de-continuidad|conectar-entre-secciones|vincular-orientaciones|vincular-guia-por-audiencia
L2-apoyos-y-practicas,5,ia-educacion/etica-y-transparencia/transparencia-algoritmica-aula/index.md,/ia-educacion/etica-y-transparencia/transparencia-algoritmica-aula/,Transparencia algorítmica en el aula: prácticas concretas,page,ia-educacion,877,apoyo-candidato,reutilizar-con-ajustes,M2,comun,parcial,3,parcial,6,sin-alerta-automatica,,agenciamiento-y-cocreacion|aprendizaje-y-evaluacion-del-proceso|etica-contexto-y-cuidados|decision-institucional-y-tecnologia,false,false,solo-imagen-de-portada,reencuadrar-o-sustituir-tras-lectura,ilustracion-mixta,true,0,0,0,0,,escenario-de-decision-con-consecuencias,H5P.BranchingScenario o alternativa HTML accesible,5,1,vincular-orientaciones|vincular-guia-por-audiencia
L2-apoyos-y-practicas,5,ia-educacion/guias/aprendizaje-activo-con-ia/index.md,/ia-educacion/guias/aprendizaje-activo-con-ia/,"Diseña una actividad de aprendizaje activo donde la IA pregunte, no resuelva",page,ia-educacion,1540,banco-de-practicas,revisar-contra-bloom-e-icap,M5,profesorado,parcial,4,parcial,6,revision-dirigida,bloom-como-jerarquia-o-secuencia,aprendizaje-y-evaluacion-del-proceso|etica-contexto-y-cuidados|diseno-activo-hibrido,false,false,figura-gobernada,reencuadrar-o-sustituir-tras-lectura,ilustracion-mixta,true,2,2,0,0,,escenario-de-decision-con-consecuencias,H5P.BranchingScenario o alternativa HTML accesible,4,2,vincular-orientaciones|vincular-guia-por-audiencia
L2-apoyos-y-practicas,5,ia-educacion/guias/evaluacion-formativa-ia/index.md,/ia-educacion/guias/evaluacion-formativa-ia/,Añade a una tarea tuya un ciclo de retroalimentación con IA que puedas revisar,page,ia-educacion,2831,apoyo-candidato,reutilizar-con-ajustes,M1|M5|M6,profesorado,parcial,4,robusto-candidato,7,revision-dirigida,bloom-como-jerarquia-o-secuencia|deteccion-de-ia-requiere-mediacion,verificacion-y-fuentes|agenciamiento-y-cocreacion|aprendizaje-y-evaluacion-del-proceso|etica-contexto-y-cuidados|diseno-activo-hibrido|decision-institucional-y-tecnologia,false,false,figura-gobernada,reencuadrar-o-sustituir-tras-lectura,ilustracion-mixta,true,2,2,0,0,evidencias-proceso-proporcion|evaluacion-proceso-decision,auditar-y-mediar-h5p-existente,H5P ya gobernado,5,2,vincular-orientaciones|vincular-guia-por-audiencia
L2-apoyos-y-practicas,5,ia-educacion/guias/integracion-curricular-ia/index.md,/ia-educacion/guias/integracion-curricular-ia/,Integra la IA en un programa que ya existe: cinco pasos sin reescribir el plan de estudios,page,ia-educacion,1431,apoyo-candidato,reutilizar-con-ajustes,M5,profesorado,parcial,4,parcial,6,revision-dirigida,bloom-como-jerarquia-o-secuencia|deteccion-de-ia-requiere-mediacion|autoria-o-responsabilidad-de-la-ia-por-revisar,verificacion-y-fuentes|agenciamiento-y-cocreacion|aprendizaje-y-evaluacion-del-proceso|etica-contexto-y-cuidados|diseno-activo-hibrido|decision-institucional-y-tecnologia,false,false,visual-explicativo-candidato,reencuadrar-o-sustituir-tras-lectura,ilustracion-mixta,true,2,2,0,0,,escenario-de-decision-con-consecuencias,H5P.BranchingScenario o alternativa HTML accesible,9,4,vincular-orientaciones|vincular-guia-por-audiencia
L2-apoyos-y-practicas,5,ia-educacion/guias/lineamientos-eticos-ia/index.md,/ia-educacion/guias/lineamientos-eticos-ia/,Veinte sugerencias prácticas para el uso ético de IA en educación superior,page,ia-educacion,1969,apoyo-candidato,reutilizar-con-ajustes,M2|M4,comun,parcial,4,robusto-candidato,7,revision-dirigida,autoria-o-responsabilidad-de-la-ia-por-revisar,verificacion-y-fuentes|agenciamiento-y-cocreacion|aprendizaje-y-evaluacion-del-proceso|etica-contexto-y-cuidados|diseno-activo-hibrido|decision-institucional-y-tecnologia,false,false,figura-gobernada,reencuadrar-o-sustituir-tras-lectura,ilustracion-mixta,true,2,2,0,0,,escenario-de-decision-con-consecuencias,H5P.BranchingScenario o alternativa HTML accesible,10,3,vincular-orientaciones|vincular-guia-por-audiencia
L2-apoyos-y-practicas,5,ia-educacion/investigacion/index.md,/ia-educacion/investigacion/,Investigar con IA sin perder el rigor,page,ia-educacion,309,apoyo-candidato,revisar-en-fase-editorial,,comun,parcial,2,parcial,6,sin-alerta-automatica,,verificacion-y-fuentes|agenciamiento-y-cocreacion|aprendizaje-y-evaluacion-del-proceso|etica-contexto-y-cuidados|decision-institucional-y-tecnologia,false,false,sin-visual,evaluar-si-necesita-portada,sin-featured-local,false,0,0,0,0,,escenario-de-decision-con-consecuencias,H5P.BranchingScenario o alternativa HTML accesible,0,0,crear-enlaces-de-continuidad|conectar-entre-secciones|vincular-orientaciones|vincular-guia-por-audiencia
L2-apoyos-y-practicas,5,ia-educacion/practicas/bitacora-cocreacion/index.md,/ia-educacion/practicas/bitacora-cocreacion/,Anota en una bitácora breve qué cambió con la IA y por qué,page,ia-educacion,551,banco-de-practicas,reutilizar-con-ajustes,,comun,parcial,4,parcial,6,revision-dirigida,deteccion-de-ia-requiere-mediacion,verificacion-y-fuentes|agenciamiento-y-cocreacion|etica-contexto-y-cuidados|diseno-activo-hibrido,false,false,sin-visual,evaluar-si-necesita-portada,sin-featured-local,false,0,0,0,0,,escenario-de-decision-con-consecuencias,H5P.BranchingScenario o alternativa HTML accesible,0,0,crear-enlaces-de-continuidad|conectar-entre-secciones|vincular-orientaciones|vincular-guia-por-audiencia
L2-apoyos-y-practicas,5,laboratorio/practicas/abp-con-ia/index.md,/laboratorio/practicas/abp-con-ia/,Adapta a tu materia un proyecto de 14 semanas con IA como interlocutor,page,laboratorio,1508,banco-de-practicas,revisar-contra-bloom-e-icap,M5|M6,profesorado,parcial,4,robusto-candidato,7,revision-dirigida,deteccion-de-ia-requiere-mediacion,verificacion-y-fuentes|agenciamiento-y-cocreacion|aprendizaje-y-evaluacion-del-proceso|etica-contexto-y-cuidados|diseno-activo-hibrido|decision-institucional-y-tecnologia,false,false,solo-imagen-de-portada,reencuadrar-o-sustituir-tras-lectura,ilustracion-mixta,true,0,0,0,0,,escenario-de-decision-con-consecuencias,H5P.BranchingScenario o alternativa HTML accesible,0,0,crear-enlaces-de-continuidad|conectar-entre-secciones|vincular-orientaciones|vincular-guia-por-audiencia
L2-apoyos-y-practicas,5,laboratorio/practicas/analisis-critico-de-sesgos-en-ia/index.md,/laboratorio/practicas/analisis-critico-de-sesgos-en-ia/,Haz que tu grupo audite los sesgos de tres modelos de IA con un mismo prompt,page,laboratorio,594,banco-de-practicas,revisar-contra-bloom-e-icap,M5|M6,profesorado,parcial,2,parcial,5,sin-alerta-automatica,,aprendizaje-y-evaluacion-del-proceso|etica-contexto-y-cuidados|diseno-activo-hibrido,false,false,solo-imagen-de-portada,reencuadrar-o-sustituir-tras-lectura,ilustracion-mixta,true,0,0,0,0,,escenario-de-decision-con-consecuencias,H5P.BranchingScenario o alternativa HTML accesible,0,0,crear-enlaces-de-continuidad|conectar-entre-secciones|vincular-orientaciones|vincular-guia-por-audiencia
L2-apoyos-y-practicas,4,formacion-docente/diseno-inverso-cocreacion-ia/08-secuencias-activas-hibridas/index.md,/formacion-docente/diseno-inverso-cocreacion-ia/08-secuencias-activas-hibridas/,Diseño de secuencias activas e híbridas,page,formacion-docente,1543,apoyo-candidato,revisar-en-fase-editorial,,profesorado,parcial,4,robusto-candidato,7,sin-alerta-automatica,,verificacion-y-fuentes|agenciamiento-y-cocreacion|aprendizaje-y-evaluacion-del-proceso|etica-contexto-y-cuidados|diseno-activo-hibrido|decision-institucional-y-tecnologia,false,false,solo-imagen-de-portada,reencuadrar-o-sustituir-tras-lectura,ilustracion-mixta,true,0,0,0,0,curso-l08-h5p-03,auditar-y-mediar-h5p-existente,H5P ya gobernado,0,0,crear-enlaces-de-continuidad|conectar-entre-secciones|vincular-orientaciones|vincular-guia-por-audiencia
L2-apoyos-y-practicas,4,formacion-docente/syllabus-portafolio/index.md,/formacion-docente/syllabus-portafolio/,El syllabus y el portafolio de docencia,page,formacion-docente,1052,apoyo-candidato,reutilizar-con-ajustes,M6,profesorado,parcial,4,robusto-candidato,8,sin-alerta-automatica,,agenciamiento-y-cocreacion|aprendizaje-y-evaluacion-del-proceso|etica-contexto-y-cuidados|diseno-activo-hibrido|decision-institucional-y-tecnologia,false,false,solo-imagen-de-portada,reencuadrar-o-sustituir-tras-lectura,ilustracion-mixta,true,0,0,0,0,,escenario-de-decision-con-consecuencias,H5P.BranchingScenario o alternativa HTML accesible,0,0,crear-enlaces-de-continuidad|conectar-entre-secciones|vincular-orientaciones|vincular-guia-por-audiencia
L2-apoyos-y-practicas,4,ia-educacion/guias/aprendizaje-rizomatico-ia/index.md,/ia-educacion/guias/aprendizaje-rizomatico-ia/,Cuándo dejar que cada estudiante trace su propia ruta: aprendizaje rizomático con IA,page,ia-educacion,1185,apoyo-candidato,revisar-en-fase-editorial,M3|M4|M5|M6,estudiantado|profesorado,robusto-candidato,5,robusto-candidato,7,sin-alerta-automatica,,verificacion-y-fuentes|agenciamiento-y-cocreacion|aprendizaje-y-evaluacion-del-proceso|etica-contexto-y-cuidados|diseno-activo-hibrido|decision-institucional-y-tecnologia,false,false,solo-imagen-de-portada,reencuadrar-o-sustituir-tras-lectura,ilustracion-mixta,true,0,0,0,0,,escenario-de-decision-con-consecuencias,H5P.BranchingScenario o alternativa HTML accesible,4,1,vincular-orientaciones|vincular-guia-por-audiencia
L2-apoyos-y-practicas,4,ia-educacion/guias/estudiantes/index.md,/ia-educacion/guias/estudiantes/,Antes de entregar: decide qué hacer con los cambios que te proponen,page,ia-educacion,528,banco-de-practicas,reutilizar-con-ajustes,,estudiantado,robusto-candidato,5,parcial,5,sin-alerta-automatica,,verificacion-y-fuentes|agenciamiento-y-cocreacion|etica-contexto-y-cuidados|diseno-activo-hibrido,false,false,solo-imagen-de-portada,reencuadrar-o-sustituir-tras-lectura,ilustracion-mixta,true,0,0,0,0,,escenario-de-decision-con-consecuencias,H5P.BranchingScenario o alternativa HTML accesible,3,1,vincular-orientaciones|vincular-guia-por-audiencia
L2-apoyos-y-practicas,4,ia-educacion/practicas/comprobar-afirmacion/index.md,/ia-educacion/practicas/comprobar-afirmacion/,Comprueba la afirmación que cambia tu decisión,page,ia-educacion,421,banco-de-practicas,reutilizar-con-ajustes,,comun,parcial,3,parcial,6,sin-alerta-automatica,,verificacion-y-fuentes|agenciamiento-y-cocreacion|aprendizaje-y-evaluacion-del-proceso|etica-contexto-y-cuidados|decision-institucional-y-tecnologia,false,false,sin-visual,evaluar-si-necesita-portada,sin-featured-local,false,0,0,0,0,,escenario-de-decision-con-consecuencias,H5P.BranchingScenario o alternativa HTML accesible,0,0,crear-enlaces-de-continuidad|conectar-entre-secciones|vincular-orientaciones|vincular-guia-por-audiencia
L2-apoyos-y-practicas,4,laboratorio/practicas/evaluacion-formativa-asistida-ia/index.md,/laboratorio/practicas/evaluacion-formativa-asistida-ia/,Monta un portafolio de tres versiones donde la IA comenta y el estudiante decide,page,laboratorio,1536,banco-de-practicas,revisar-contra-bloom-e-icap,M5|M6,profesorado,parcial,3,robusto-candidato,8,sin-alerta-automatica,,agenciamiento-y-cocreacion|aprendizaje-y-evaluacion-del-proceso|etica-contexto-y-cuidados|diseno-activo-hibrido|decision-institucional-y-tecnologia,false,false,solo-imagen-de-portada,reencuadrar-o-sustituir-tras-lectura,ilustracion-mixta,true,0,0,0,0,,escenario-de-decision-con-consecuencias,H5P.BranchingScenario o alternativa HTML accesible,3,3,vincular-orientaciones|vincular-guia-por-audiencia
L2-apoyos-y-practicas,3,formacion-docente/etica-profesional-docente-ia/index.md,/formacion-docente/etica-profesional-docente-ia/,La dimensión ética del trabajo docente con IA,page,formacion-docente,1230,apoyo-candidato,conservar-como-profundizacion,,profesorado,parcial,4,robusto-candidato,7,sin-alerta-automatica,,verificacion-y-fuentes|agenciamiento-y-cocreacion|aprendizaje-y-evaluacion-del-proceso|etica-contexto-y-cuidados|decision-institucional-y-tecnologia,false,false,visual-explicativo-candidato,reencuadrar-o-sustituir-tras-lectura,ilustracion-mixta,true,1,0,0,0,,escenario-de-decision-con-consecuencias,H5P.BranchingScenario o alternativa HTML accesible,9,7,vincular-orientaciones|vincular-guia-por-audiencia
L2-apoyos-y-practicas,3,ia-educacion/guias/abp-con-ia/index.md,/ia-educacion/guias/abp-con-ia/,Rediseña tu proyecto de semestre (ABP) fase por fase: dónde entra la IA y qué entrega el estudiante,page,ia-educacion,1521,banco-de-practicas,revisar-contra-bloom-e-icap,M5|M6,profesorado,parcial,4,robusto-candidato,7,sin-alerta-automatica,,verificacion-y-fuentes|agenciamiento-y-cocreacion|aprendizaje-y-evaluacion-del-proceso|etica-contexto-y-cuidados|diseno-activo-hibrido|decision-institucional-y-tecnologia,false,false,visual-explicativo-candidato,reencuadrar-o-sustituir-tras-lectura,ilustracion-mixta,true,0,0,0,0,,escenario-de-decision-con-consecuencias,H5P.BranchingScenario o alternativa HTML accesible,3,1,vincular-orientaciones|vincular-guia-por-audiencia
L2-apoyos-y-practicas,3,ia-educacion/guias/aprendizaje-hibrido-activo-disenar-actividad/index.md,/ia-educacion/guias/aprendizaje-hibrido-activo-disenar-actividad/,"Aprendizaje híbrido y activo: Diseñar una actividad, paso a paso",page,ia-educacion,4,banco-de-practicas,reutilizar-con-ajustes,,profesorado,parcial,4,parcial,6,sin-alerta-automatica,,aprendizaje-y-evaluacion-del-proceso|etica-contexto-y-cuidados|diseno-activo-hibrido,false,false,solo-imagen-de-portada,reencuadrar-o-sustituir-tras-lectura,ilustracion-mixta,true,0,0,0,0,,comparador-de-versiones,H5P.ImageSlider o comparador HTML,0,0,crear-enlaces-de-continuidad|conectar-entre-secciones|vincular-orientaciones|vincular-guia-por-audiencia
L2-apoyos-y-practicas,3,ia-educacion/guias/profesorado/index.md,/ia-educacion/guias/profesorado/,"Revisa una actividad tuya: lo que pides, lo que practican y lo que entregan",page,ia-educacion,916,banco-de-practicas,reutilizar-con-ajustes,,profesorado,robusto-candidato,5,robusto-candidato,7,sin-alerta-automatica,,verificacion-y-fuentes|agenciamiento-y-cocreacion|aprendizaje-y-evaluacion-del-proceso|etica-contexto-y-cuidados|diseno-activo-hibrido,false,false,solo-imagen-de-portada,reencuadrar-o-sustituir-tras-lectura,ilustracion-mixta,true,0,0,0,0,,escenario-de-decision-con-consecuencias,H5P.BranchingScenario o alternativa HTML accesible,5,2,vincular-orientaciones|vincular-guia-por-audiencia
L2-apoyos-y-practicas,3,laboratorio/practicas/aula-invertida/index.md,/laboratorio/practicas/aula-invertida/,Arma una semana de tu materia con el ciclo del aula invertida,page,laboratorio,1247,banco-de-practicas,revisar-contra-bloom-e-icap,M5|M6,profesorado,parcial,4,robusto-candidato,8,sin-alerta-automatica,,agenciamiento-y-cocreacion|aprendizaje-y-evaluacion-del-proceso|diseno-activo-hibrido|decision-institucional-y-tecnologia,false,false,visual-explicativo-candidato,reencuadrar-o-sustituir-tras-lectura,ilustracion-mixta,true,0,0,2,0,,comparador-de-versiones,H5P.ImageSlider o comparador HTML,0,0,crear-enlaces-de-continuidad|conectar-entre-secciones|vincular-orientaciones|vincular-guia-por-audiencia
L2-apoyos-y-practicas,3,laboratorio/practicas/debate-socratico-con-ia/index.md,/laboratorio/practicas/debate-socratico-con-ia/,Actividad propuesta: preparar un debate socrático con IA,page,laboratorio,1169,banco-de-practicas,revisar-contra-bloom-e-icap,M5|M6,profesorado,parcial,4,robusto-candidato,9,sin-alerta-automatica,,aprendizaje-y-evaluacion-del-proceso|etica-contexto-y-cuidados|diseno-activo-hibrido,false,false,solo-imagen-de-portada,reencuadrar-o-sustituir-tras-lectura,ilustracion-mixta,true,0,0,0,0,,escenario-de-decision-con-consecuencias,H5P.BranchingScenario o alternativa HTML accesible,0,0,crear-enlaces-de-continuidad|conectar-entre-secciones|vincular-orientaciones|vincular-guia-por-audiencia
L3-ejemplos-disciplinares,4,ia-educacion/productos-de-aprendizaje/articulo/index.md,/ia-educacion/productos-de-aprendizaje/articulo/,Artículo con IAG,page,ia-educacion,1207,banco-ejemplos-disciplinarios,preservar-como-ejemplo-no-obligatorio,M5|M6,estudiantado|profesorado,parcial,3,robusto-candidato,7,revision-dirigida,bloom-como-jerarquia-o-secuencia|autoria-o-responsabilidad-de-la-ia-por-revisar,verificacion-y-fuentes|agenciamiento-y-cocreacion|aprendizaje-y-evaluacion-del-proceso|etica-contexto-y-cuidados|diseno-activo-hibrido|decision-institucional-y-tecnologia,false,false,solo-imagen-de-portada,conservar-y-normalizar-familia,objetos-disciplinares-violeta,true,0,0,0,0,,ejemplo-anotado-o-comparador,HTML accesible o H5P.ImageSlider cuando existan dos versiones,0,0,crear-enlaces-de-continuidad|vincular-orientaciones|vincular-guia-por-audiencia
L3-ejemplos-disciplinares,4,ia-educacion/productos-de-aprendizaje/diseno-de-sistemas/index.md,/ia-educacion/productos-de-aprendizaje/diseno-de-sistemas/,Diseño de sistemas con IAG,page,ia-educacion,961,banco-ejemplos-disciplinarios,preservar-como-ejemplo-no-obligatorio,M5|M6,estudiantado|profesorado,parcial,2,robusto-candidato,8,revision-dirigida,autoria-o-responsabilidad-de-la-ia-por-revisar,agenciamiento-y-cocreacion|aprendizaje-y-evaluacion-del-proceso|etica-contexto-y-cuidados|diseno-activo-hibrido|decision-institucional-y-tecnologia,false,false,solo-imagen-de-portada,conservar-y-normalizar-familia,objetos-disciplinares-violeta,true,0,0,0,0,,ejemplo-anotado-o-comparador,HTML accesible o H5P.ImageSlider cuando existan dos versiones,0,0,crear-enlaces-de-continuidad|vincular-orientaciones|vincular-guia-por-audiencia
L3-ejemplos-disciplinares,4,ia-educacion/productos-de-aprendizaje/modelado-matematico/index.md,/ia-educacion/productos-de-aprendizaje/modelado-matematico/,Modelado matemático con IAG,page,ia-educacion,1040,banco-ejemplos-disciplinarios,preservar-como-ejemplo-no-obligatorio,M5|M6,estudiantado|profesorado,parcial,3,robusto-candidato,8,revision-dirigida,bloom-como-jerarquia-o-secuencia,verificacion-y-fuentes|agenciamiento-y-cocreacion|aprendizaje-y-evaluacion-del-proceso|etica-contexto-y-cuidados|diseno-activo-hibrido|decision-institucional-y-tecnologia,false,false,solo-imagen-de-portada,conservar-y-normalizar-familia,objetos-disciplinares-violeta,true,0,0,0,0,,ejemplo-anotado-o-comparador,HTML accesible o H5P.ImageSlider cuando existan dos versiones,0,0,crear-enlaces-de-continuidad|vincular-orientaciones|vincular-guia-por-audiencia
L3-ejemplos-disciplinares,4,ia-educacion/productos-de-aprendizaje/nota/index.md,/ia-educacion/productos-de-aprendizaje/nota/,Nota con IAG,page,ia-educacion,1004,banco-ejemplos-disciplinarios,preservar-como-ejemplo-no-obligatorio,M5|M6,estudiantado|profesorado,parcial,2,robusto-candidato,8,revision-dirigida,bloom-como-jerarquia-o-secuencia|deteccion-de-ia-requiere-mediacion|autoria-o-responsabilidad-de-la-ia-por-revisar,verificacion-y-fuentes|agenciamiento-y-cocreacion|aprendizaje-y-evaluacion-del-proceso|etica-contexto-y-cuidados|diseno-activo-hibrido|decision-institucional-y-tecnologia,false,false,solo-imagen-de-portada,conservar-y-normalizar-familia,objetos-disciplinares-violeta,true,0,0,0,0,,ejemplo-anotado-o-comparador,HTML accesible o H5P.ImageSlider cuando existan dos versiones,0,0,crear-enlaces-de-continuidad|vincular-orientaciones|vincular-guia-por-audiencia
L3-ejemplos-disciplinares,4,ia-educacion/productos-de-aprendizaje/prototipo/index.md,/ia-educacion/productos-de-aprendizaje/prototipo/,Prototipo con IAG,page,ia-educacion,1101,banco-ejemplos-disciplinarios,preservar-como-ejemplo-no-obligatorio,M5|M6,estudiantado|profesorado,parcial,3,robusto-candidato,8,revision-dirigida,bloom-como-jerarquia-o-secuencia,agenciamiento-y-cocreacion|aprendizaje-y-evaluacion-del-proceso|etica-contexto-y-cuidados|diseno-activo-hibrido|decision-institucional-y-tecnologia,false,false,solo-imagen-de-portada,conservar-y-normalizar-familia,objetos-disciplinares-violeta,true,0,0,0,0,,ejemplo-anotado-o-comparador,HTML accesible o H5P.ImageSlider cuando existan dos versiones,0,0,crear-enlaces-de-continuidad|vincular-orientaciones|vincular-guia-por-audiencia
L3-ejemplos-disciplinares,4,ia-educacion/productos-de-aprendizaje/resena/index.md,/ia-educacion/productos-de-aprendizaje/resena/,Reseña con IAG,page,ia-educacion,1118,banco-ejemplos-disciplinarios,preservar-como-ejemplo-no-obligatorio,M5|M6,estudiantado|profesorado,parcial,3,robusto-candidato,8,revision-dirigida,bloom-como-jerarquia-o-secuencia,agenciamiento-y-cocreacion|aprendizaje-y-evaluacion-del-proceso|etica-contexto-y-cuidados|diseno-activo-hibrido|decision-institucional-y-tecnologia,false,false,solo-imagen-de-portada,conservar-y-normalizar-familia,objetos-disciplinares-violeta,true,0,0,0,0,,ejemplo-anotado-o-comparador,HTML accesible o H5P.ImageSlider cuando existan dos versiones,0,0,crear-enlaces-de-continuidad|vincular-orientaciones|vincular-guia-por-audiencia
L3-ejemplos-disciplinares,3,ia-educacion/productos-de-aprendizaje/analisis-de-casos/index.md,/ia-educacion/productos-de-aprendizaje/analisis-de-casos/,Análisis de casos con IAG,page,ia-educacion,1818,banco-ejemplos-disciplinarios,preservar-como-ejemplo-no-obligatorio,M5|M6,estudiantado|profesorado,parcial,4,robusto-candidato,8,revision-dirigida,bloom-como-jerarquia-o-secuencia,verificacion-y-fuentes|agenciamiento-y-cocreacion|aprendizaje-y-evaluacion-del-proceso|etica-contexto-y-cuidados|diseno-activo-hibrido|decision-institucional-y-tecnologia,false,false,solo-imagen-de-portada,conservar-y-normalizar-familia,objetos-disciplinares-violeta,true,0,0,0,0,,ejemplo-anotado-o-comparador,HTML accesible o H5P.ImageSlider cuando existan dos versiones,0,0,crear-enlaces-de-continuidad|vincular-orientaciones|vincular-guia-por-audiencia
L3-ejemplos-disciplinares,3,ia-educacion/productos-de-aprendizaje/analisis-de-materiales/index.md,/ia-educacion/productos-de-aprendizaje/analisis-de-materiales/,Análisis de materiales con IAG,page,ia-educacion,1005,banco-ejemplos-disciplinarios,preservar-como-ejemplo-no-obligatorio,M5|M6,estudiantado|profesorado,parcial,4,robusto-candidato,8,revision-dirigida,autoria-o-responsabilidad-de-la-ia-por-revisar,verificacion-y-fuentes|agenciamiento-y-cocreacion|aprendizaje-y-evaluacion-del-proceso|etica-contexto-y-cuidados|diseno-activo-hibrido|decision-institucional-y-tecnologia,false,false,solo-imagen-de-portada,conservar-y-normalizar-familia,objetos-disciplinares-violeta,true,0,0,0,0,,ejemplo-anotado-o-comparador,HTML accesible o H5P.ImageSlider cuando existan dos versiones,0,0,crear-enlaces-de-continuidad|vincular-orientaciones|vincular-guia-por-audiencia
L3-ejemplos-disciplinares,3,ia-educacion/productos-de-aprendizaje/cronica/index.md,/ia-educacion/productos-de-aprendizaje/cronica/,Crónica con IAG,page,ia-educacion,1156,banco-ejemplos-disciplinarios,preservar-como-ejemplo-no-obligatorio,M5|M6,estudiantado|profesorado,parcial,4,robusto-candidato,8,revision-dirigida,bloom-como-jerarquia-o-secuencia|autoria-o-responsabilidad-de-la-ia-por-revisar,agenciamiento-y-cocreacion|aprendizaje-y-evaluacion-del-proceso|etica-contexto-y-cuidados|diseno-activo-hibrido|decision-institucional-y-tecnologia,false,false,solo-imagen-de-portada,conservar-y-normalizar-familia,objetos-disciplinares-violeta,true,0,0,0,0,,ejemplo-anotado-o-comparador,HTML accesible o H5P.ImageSlider cuando existan dos versiones,0,0,crear-enlaces-de-continuidad|vincular-orientaciones|vincular-guia-por-audiencia
L3-ejemplos-disciplinares,3,ia-educacion/productos-de-aprendizaje/ensayo/index.md,/ia-educacion/productos-de-aprendizaje/ensayo/,Ensayo con IA: evaluar el proceso de escritura,page,ia-educacion,3593,banco-ejemplos-disciplinarios,preservar-como-ejemplo-no-obligatorio,M5|M6,estudiantado|profesorado,parcial,4,robusto-candidato,8,revision-dirigida,deteccion-de-ia-requiere-mediacion|autoria-o-responsabilidad-de-la-ia-por-revisar,verificacion-y-fuentes|agenciamiento-y-cocreacion|aprendizaje-y-evaluacion-del-proceso|etica-contexto-y-cuidados|diseno-activo-hibrido|decision-institucional-y-tecnologia,false,false,visual-explicativo-candidato,conservar-y-normalizar-familia,objetos-disciplinares-violeta,true,0,0,0,0,cocreacion-versiones-slider,auditar-y-mediar-h5p-existente,H5P ya gobernado,7,2,vincular-orientaciones|vincular-guia-por-audiencia
L3-ejemplos-disciplinares,3,ia-educacion/productos-de-aprendizaje/entrevista/index.md,/ia-educacion/productos-de-aprendizaje/entrevista/,Entrevista con IAG,page,ia-educacion,1095,banco-ejemplos-disciplinarios,preservar-como-ejemplo-no-obligatorio,M5|M6,estudiantado|profesorado,parcial,4,robusto-candidato,8,revision-dirigida,bloom-como-jerarquia-o-secuencia,verificacion-y-fuentes|agenciamiento-y-cocreacion|aprendizaje-y-evaluacion-del-proceso|etica-contexto-y-cuidados|diseno-activo-hibrido|decision-institucional-y-tecnologia,false,false,solo-imagen-de-portada,conservar-y-normalizar-familia,objetos-disciplinares-violeta,true,0,0,0,0,,ejemplo-anotado-o-comparador,HTML accesible o H5P.ImageSlider cuando existan dos versiones,0,0,crear-enlaces-de-continuidad|vincular-orientaciones|vincular-guia-por-audiencia
L3-ejemplos-disciplinares,3,ia-educacion/productos-de-aprendizaje/investigacion-de-campo/index.md,/ia-educacion/productos-de-aprendizaje/investigacion-de-campo/,Investigación de campo con IAG,page,ia-educacion,1152,banco-ejemplos-disciplinarios,preservar-como-ejemplo-no-obligatorio,M5|M6,estudiantado|profesorado,parcial,4,robusto-candidato,8,revision-dirigida,bloom-como-jerarquia-o-secuencia,verificacion-y-fuentes|agenciamiento-y-cocreacion|aprendizaje-y-evaluacion-del-proceso|etica-contexto-y-cuidados|diseno-activo-hibrido|decision-institucional-y-tecnologia,false,false,solo-imagen-de-portada,conservar-y-normalizar-familia,objetos-disciplinares-violeta,true,0,0,0,0,,ejemplo-anotado-o-comparador,HTML accesible o H5P.ImageSlider cuando existan dos versiones,0,0,crear-enlaces-de-continuidad|vincular-orientaciones|vincular-guia-por-audiencia
L3-ejemplos-disciplinares,3,ia-educacion/productos-de-aprendizaje/mapa-conceptual/index.md,/ia-educacion/productos-de-aprendizaje/mapa-conceptual/,Mapa conceptual con IAG,page,ia-educacion,2261,banco-ejemplos-disciplinarios,preservar-como-ejemplo-no-obligatorio,M5|M6,estudiantado|profesorado,robusto-candidato,5,robusto-candidato,7,revision-dirigida,deteccion-de-ia-requiere-mediacion,verificacion-y-fuentes|agenciamiento-y-cocreacion|aprendizaje-y-evaluacion-del-proceso|etica-contexto-y-cuidados|diseno-activo-hibrido|decision-institucional-y-tecnologia,false,false,solo-imagen-de-portada,conservar-y-normalizar-familia,objetos-disciplinares-violeta,true,0,0,0,0,,ejemplo-anotado-o-comparador,HTML accesible o H5P.ImageSlider cuando existan dos versiones,0,0,crear-enlaces-de-continuidad|vincular-orientaciones|vincular-guia-por-audiencia
L3-ejemplos-disciplinares,3,ia-educacion/productos-de-aprendizaje/monografia/index.md,/ia-educacion/productos-de-aprendizaje/monografia/,Monografía con IAG,page,ia-educacion,1191,banco-ejemplos-disciplinarios,preservar-como-ejemplo-no-obligatorio,M5|M6,estudiantado|profesorado,parcial,4,robusto-candidato,8,revision-dirigida,bloom-como-jerarquia-o-secuencia|autoria-o-responsabilidad-de-la-ia-por-revisar,verificacion-y-fuentes|agenciamiento-y-cocreacion|aprendizaje-y-evaluacion-del-proceso|etica-contexto-y-cuidados|diseno-activo-hibrido|decision-institucional-y-tecnologia,false,false,solo-imagen-de-portada,conservar-y-normalizar-familia,objetos-disciplinares-violeta,true,0,0,0,0,,ejemplo-anotado-o-comparador,HTML accesible o H5P.ImageSlider cuando existan dos versiones,0,0,crear-enlaces-de-continuidad|vincular-orientaciones|vincular-guia-por-audiencia
L3-ejemplos-disciplinares,3,ia-educacion/productos-de-aprendizaje/presentacion/index.md,/ia-educacion/productos-de-aprendizaje/presentacion/,Presentación con IAG,page,ia-educacion,2225,banco-ejemplos-disciplinarios,preservar-como-ejemplo-no-obligatorio,M5|M6,estudiantado|profesorado,parcial,4,robusto-candidato,8,revision-dirigida,deteccion-de-ia-requiere-mediacion,agenciamiento-y-cocreacion|aprendizaje-y-evaluacion-del-proceso|etica-contexto-y-cuidados|diseno-activo-hibrido|decision-institucional-y-tecnologia,false,false,solo-imagen-de-portada,conservar-y-normalizar-familia,objetos-disciplinares-violeta,true,0,0,0,0,,ejemplo-anotado-o-comparador,HTML accesible o H5P.ImageSlider cuando existan dos versiones,0,0,crear-enlaces-de-continuidad|vincular-orientaciones|vincular-guia-por-audiencia
L3-ejemplos-disciplinares,3,ia-educacion/productos-de-aprendizaje/proyecto/index.md,/ia-educacion/productos-de-aprendizaje/proyecto/,Proyecto con IAG,page,ia-educacion,2382,banco-ejemplos-disciplinarios,preservar-como-ejemplo-no-obligatorio,M5|M6,estudiantado|profesorado,parcial,4,robusto-candidato,8,revision-dirigida,bloom-como-jerarquia-o-secuencia,verificacion-y-fuentes|agenciamiento-y-cocreacion|aprendizaje-y-evaluacion-del-proceso|etica-contexto-y-cuidados|diseno-activo-hibrido|decision-institucional-y-tecnologia,false,false,solo-imagen-de-portada,conservar-y-normalizar-familia,objetos-disciplinares-violeta,true,0,0,0,0,,ejemplo-anotado-o-comparador,HTML accesible o H5P.ImageSlider cuando existan dos versiones,0,0,crear-enlaces-de-continuidad|vincular-orientaciones|vincular-guia-por-audiencia
L3-ejemplos-disciplinares,3,ia-educacion/productos-de-aprendizaje/reporte-tecnico/index.md,/ia-educacion/productos-de-aprendizaje/reporte-tecnico/,Reporte técnico con IAG,page,ia-educacion,1111,banco-ejemplos-disciplinarios,preservar-como-ejemplo-no-obligatorio,M5|M6,estudiantado|profesorado,parcial,4,robusto-candidato,7,revision-dirigida,bloom-como-jerarquia-o-secuencia|deteccion-de-ia-requiere-mediacion|autoria-o-responsabilidad-de-la-ia-por-revisar,verificacion-y-fuentes|agenciamiento-y-cocreacion|aprendizaje-y-evaluacion-del-proceso|etica-contexto-y-cuidados|diseno-activo-hibrido|decision-institucional-y-tecnologia,false,false,solo-imagen-de-portada,conservar-y-normalizar-familia,objetos-disciplinares-violeta,true,0,0,0,0,,ejemplo-anotado-o-comparador,HTML accesible o H5P.ImageSlider cuando existan dos versiones,0,0,crear-enlaces-de-continuidad|vincular-orientaciones|vincular-guia-por-audiencia
L3-ejemplos-disciplinares,2,ia-educacion/productos-de-aprendizaje/automatizacion-industrial/index.md,/ia-educacion/productos-de-aprendizaje/automatizacion-industrial/,Automatización industrial con IAG,page,ia-educacion,966,banco-ejemplos-disciplinarios,preservar-como-ejemplo-no-obligatorio,M5|M6,estudiantado|profesorado,parcial,3,robusto-candidato,7,sin-alerta-automatica,,agenciamiento-y-cocreacion|aprendizaje-y-evaluacion-del-proceso|etica-contexto-y-cuidados|diseno-activo-hibrido|decision-institucional-y-tecnologia,false,false,solo-imagen-de-portada,conservar-y-normalizar-familia,objetos-disciplinares-violeta,true,0,0,0,0,,ejemplo-anotado-o-comparador,HTML accesible o H5P.ImageSlider cuando existan dos versiones,0,0,crear-enlaces-de-continuidad|vincular-orientaciones|vincular-guia-por-audiencia
L3-ejemplos-disciplinares,2,ia-educacion/productos-de-aprendizaje/control-y-dinamica/index.md,/ia-educacion/productos-de-aprendizaje/control-y-dinamica/,Control y dinámica con IAG,page,ia-educacion,1176,banco-ejemplos-disciplinarios,preservar-como-ejemplo-no-obligatorio,M5|M6,estudiantado|profesorado,parcial,3,robusto-candidato,8,sin-alerta-automatica,,verificacion-y-fuentes|agenciamiento-y-cocreacion|aprendizaje-y-evaluacion-del-proceso|etica-contexto-y-cuidados|diseno-activo-hibrido|decision-institucional-y-tecnologia,false,false,solo-imagen-de-portada,conservar-y-normalizar-familia,objetos-disciplinares-violeta,true,0,0,0,0,,ejemplo-anotado-o-comparador,HTML accesible o H5P.ImageSlider cuando existan dos versiones,0,0,crear-enlaces-de-continuidad|vincular-orientaciones|vincular-guia-por-audiencia
L3-ejemplos-disciplinares,2,ia-educacion/productos-de-aprendizaje/gestion-industrial/index.md,/ia-educacion/productos-de-aprendizaje/gestion-industrial/,Gestión industrial con IAG,page,ia-educacion,1003,banco-ejemplos-disciplinarios,preservar-como-ejemplo-no-obligatorio,M5|M6,estudiantado|profesorado,parcial,3,robusto-candidato,8,sin-alerta-automatica,,verificacion-y-fuentes|agenciamiento-y-cocreacion|aprendizaje-y-evaluacion-del-proceso|etica-contexto-y-cuidados|diseno-activo-hibrido|decision-institucional-y-tecnologia,false,false,solo-imagen-de-portada,conservar-y-normalizar-familia,objetos-disciplinares-violeta,true,0,0,0,0,,ejemplo-anotado-o-comparador,HTML accesible o H5P.ImageSlider cuando existan dos versiones,0,0,crear-enlaces-de-continuidad|vincular-orientaciones|vincular-guia-por-audiencia
L3-ejemplos-disciplinares,2,ia-educacion/productos-de-aprendizaje/integracion-de-sistemas/index.md,/ia-educacion/productos-de-aprendizaje/integracion-de-sistemas/,Integración de sistemas con IAG,page,ia-educacion,952,banco-ejemplos-disciplinarios,preservar-como-ejemplo-no-obligatorio,M5|M6,estudiantado|profesorado,parcial,3,robusto-candidato,7,sin-alerta-automatica,,agenciamiento-y-cocreacion|aprendizaje-y-evaluacion-del-proceso|etica-contexto-y-cuidados|diseno-activo-hibrido|decision-institucional-y-tecnologia,false,false,solo-imagen-de-portada,conservar-y-normalizar-familia,objetos-disciplinares-violeta,true,0,0,0,0,,ejemplo-anotado-o-comparador,HTML accesible o H5P.ImageSlider cuando existan dos versiones,0,0,crear-enlaces-de-continuidad|vincular-orientaciones|vincular-guia-por-audiencia
L3-ejemplos-disciplinares,2,ia-educacion/productos-de-aprendizaje/investigacion-aplicada/index.md,/ia-educacion/productos-de-aprendizaje/investigacion-aplicada/,Investigación aplicada con IAG,page,ia-educacion,1040,banco-ejemplos-disciplinarios,preservar-como-ejemplo-no-obligatorio,M5|M6,estudiantado|profesorado,parcial,2,robusto-candidato,7,sin-alerta-automatica,,verificacion-y-fuentes|agenciamiento-y-cocreacion|aprendizaje-y-evaluacion-del-proceso|etica-contexto-y-cuidados|diseno-activo-hibrido|decision-institucional-y-tecnologia,false,false,solo-imagen-de-portada,conservar-y-normalizar-familia,objetos-disciplinares-violeta,true,0,0,0,0,,ejemplo-anotado-o-comparador,HTML accesible o H5P.ImageSlider cuando existan dos versiones,0,0,crear-enlaces-de-continuidad|vincular-orientaciones|vincular-guia-por-audiencia
L3-ejemplos-disciplinares,2,ia-educacion/productos-de-aprendizaje/metrologia/index.md,/ia-educacion/productos-de-aprendizaje/metrologia/,Metrología con IAG,page,ia-educacion,939,banco-ejemplos-disciplinarios,preservar-como-ejemplo-no-obligatorio,M5|M6,estudiantado|profesorado,parcial,2,robusto-candidato,8,sin-alerta-automatica,,verificacion-y-fuentes|agenciamiento-y-cocreacion|aprendizaje-y-evaluacion-del-proceso|etica-contexto-y-cuidados|diseno-activo-hibrido|decision-institucional-y-tecnologia,false,false,solo-imagen-de-portada,conservar-y-normalizar-familia,objetos-disciplinares-violeta,true,0,0,0,0,,ejemplo-anotado-o-comparador,HTML accesible o H5P.ImageSlider cuando existan dos versiones,0,0,crear-enlaces-de-continuidad|vincular-orientaciones|vincular-guia-por-audiencia
L3-ejemplos-disciplinares,2,ia-educacion/productos-de-aprendizaje/planos-tecnicos/index.md,/ia-educacion/productos-de-aprendizaje/planos-tecnicos/,Planos técnicos con IAG,page,ia-educacion,973,banco-ejemplos-disciplinarios,preservar-como-ejemplo-no-obligatorio,M5|M6,estudiantado|profesorado,parcial,2,robusto-candidato,8,sin-alerta-automatica,,verificacion-y-fuentes|agenciamiento-y-cocreacion|aprendizaje-y-evaluacion-del-proceso|etica-contexto-y-cuidados|diseno-activo-hibrido|decision-institucional-y-tecnologia,false,false,solo-imagen-de-portada,conservar-y-normalizar-familia,objetos-disciplinares-violeta,true,0,0,0,0,,ejemplo-anotado-o-comparador,HTML accesible o H5P.ImageSlider cuando existan dos versiones,0,0,crear-enlaces-de-continuidad|vincular-orientaciones|vincular-guia-por-audiencia
L3-ejemplos-disciplinares,2,ia-educacion/productos-de-aprendizaje/programacion/index.md,/ia-educacion/productos-de-aprendizaje/programacion/,Programación con IAG,page,ia-educacion,1161,banco-ejemplos-disciplinarios,preservar-como-ejemplo-no-obligatorio,M5|M6,estudiantado|profesorado,parcial,3,robusto-candidato,8,sin-alerta-automatica,,verificacion-y-fuentes|agenciamiento-y-cocreacion|aprendizaje-y-evaluacion-del-proceso|etica-contexto-y-cuidados|diseno-activo-hibrido|decision-institucional-y-tecnologia,false,false,solo-imagen-de-portada,conservar-y-normalizar-familia,objetos-disciplinares-violeta,true,0,0,0,0,,ejemplo-anotado-o-comparador,HTML accesible o H5P.ImageSlider cuando existan dos versiones,0,0,crear-enlaces-de-continuidad|vincular-orientaciones|vincular-guia-por-audiencia
L3-ejemplos-disciplinares,1,ia-educacion/productos-de-aprendizaje/analisis-economico/index.md,/ia-educacion/productos-de-aprendizaje/analisis-economico/,Análisis económico con IAG,page,ia-educacion,1008,banco-ejemplos-disciplinarios,preservar-como-ejemplo-no-obligatorio,M5|M6,estudiantado|profesorado,parcial,4,robusto-candidato,7,sin-alerta-automatica,,verificacion-y-fuentes|agenciamiento-y-cocreacion|aprendizaje-y-evaluacion-del-proceso|etica-contexto-y-cuidados|diseno-activo-hibrido|decision-institucional-y-tecnologia,false,false,solo-imagen-de-portada,conservar-y-normalizar-familia,objetos-disciplinares-violeta,true,0,0,0,0,,ejemplo-anotado-o-comparador,HTML accesible o H5P.ImageSlider cuando existan dos versiones,0,0,crear-enlaces-de-continuidad|vincular-orientaciones|vincular-guia-por-audiencia
L3-ejemplos-disciplinares,1,ia-educacion/productos-de-aprendizaje/circuitos-electricos/index.md,/ia-educacion/productos-de-aprendizaje/circuitos-electricos/,Circuitos eléctricos con IAG,page,ia-educacion,953,banco-ejemplos-disciplinarios,preservar-como-ejemplo-no-obligatorio,M5|M6,estudiantado|profesorado,parcial,4,robusto-candidato,7,sin-alerta-automatica,,verificacion-y-fuentes|agenciamiento-y-cocreacion|aprendizaje-y-evaluacion-del-proceso|etica-contexto-y-cuidados|diseno-activo-hibrido|decision-institucional-y-tecnologia,false,false,solo-imagen-de-portada,conservar-y-normalizar-familia,objetos-disciplinares-violeta,true,0,0,0,0,,ejemplo-anotado-o-comparador,HTML accesible o H5P.ImageSlider cuando existan dos versiones,0,0,crear-enlaces-de-continuidad|vincular-orientaciones|vincular-guia-por-audiencia
L4-referencias-observatorio-y-vigencia,8,recursos/glosario/alfabetizacion-ia/index.md,/recursos/glosario/alfabetizacion-ia/,Alfabetización en IA,page,recursos,182,referencia-opcional,revisar-en-fase-editorial,,estudiantado|profesorado,debil,0,debil,2,revision-dirigida,autoria-o-responsabilidad-de-la-ia-por-revisar,agenciamiento-y-cocreacion|aprendizaje-y-evaluacion-del-proceso|etica-contexto-y-cuidados|diseno-activo-hibrido|decision-institucional-y-tecnologia,false,false,solo-imagen-de-portada,sustituir-por-sistema-de-iconos-o-retirar,neon-tecnologico-generico,true,0,0,0,0,,sin-interaccion-obligatoria,Ninguna,5,3,vincular-orientaciones|vincular-guia-por-audiencia
L4-referencias-observatorio-y-vigencia,8,recursos/glosario/modelo-samr/index.md,/recursos/glosario/modelo-samr/,Modelo SAMR,page,recursos,214,referencia-opcional,revisar-en-fase-editorial,,estudiantado|profesorado,debil,0,debil,2,revision-dirigida,correspondencia-samr-bloom-por-revisar,aprendizaje-y-evaluacion-del-proceso|diseno-activo-hibrido|decision-institucional-y-tecnologia,false,false,solo-imagen-de-portada,sustituir-por-sistema-de-iconos-o-retirar,neon-tecnologico-generico,true,0,0,0,0,,sin-interaccion-obligatoria,Ninguna,0,0,crear-enlaces-de-continuidad|vincular-orientaciones|vincular-guia-por-audiencia
L4-referencias-observatorio-y-vigencia,8,recursos/glosario/pos-plagio/index.md,/recursos/glosario/pos-plagio/,Pos-plagio,page,recursos,164,referencia-opcional,revisar-en-fase-editorial,,estudiantado|profesorado,debil,1,debil,1,revision-dirigida,deteccion-de-ia-requiere-mediacion,aprendizaje-y-evaluacion-del-proceso|etica-contexto-y-cuidados,false,false,visual-explicativo-candidato,sustituir-por-sistema-de-iconos-o-retirar,neon-tecnologico-generico,true,1,0,0,0,,sin-interaccion-obligatoria,Ninguna,5,2,vincular-orientaciones|vincular-guia-por-audiencia
L4-referencias-observatorio-y-vigencia,6,recursos/glosario/aprendizaje-basado-en-problemas/index.md,/recursos/glosario/aprendizaje-basado-en-problemas/,Aprendizaje basado en problemas,page,recursos,98,referencia-opcional,revisar-en-fase-editorial,,estudiantado|profesorado,debil,0,debil,1,sin-alerta-automatica,,aprendizaje-y-evaluacion-del-proceso,false,false,solo-imagen-de-portada,sustituir-por-sistema-de-iconos-o-retirar,neon-tecnologico-generico,true,0,0,0,0,,sin-interaccion-obligatoria,Ninguna,1,1,vincular-orientaciones|vincular-guia-por-audiencia
L4-referencias-observatorio-y-vigencia,6,recursos/glosario/aprendizaje-transformativo/index.md,/recursos/glosario/aprendizaje-transformativo/,Aprendizaje transformativo,page,recursos,145,referencia-opcional,revisar-en-fase-editorial,,estudiantado|profesorado,debil,0,debil,1,sin-alerta-automatica,,aprendizaje-y-evaluacion-del-proceso|etica-contexto-y-cuidados,false,false,solo-imagen-de-portada,sustituir-por-sistema-de-iconos-o-retirar,neon-tecnologico-generico,true,0,0,0,0,,sin-interaccion-obligatoria,Ninguna,2,1,vincular-orientaciones|vincular-guia-por-audiencia
L4-referencias-observatorio-y-vigencia,6,recursos/glosario/cocreacion-persona-ia/index.md,/recursos/glosario/cocreacion-persona-ia/,Co-creación persona-IA,page,recursos,164,referencia-opcional,revisar-en-fase-editorial,,estudiantado|profesorado,debil,1,parcial,3,revision-dirigida,autoria-o-responsabilidad-de-la-ia-por-revisar,verificacion-y-fuentes|agenciamiento-y-cocreacion|etica-contexto-y-cuidados,false,false,visual-explicativo-candidato,sustituir-por-sistema-de-iconos-o-retirar,neon-tecnologico-generico,true,1,0,0,0,,sin-interaccion-obligatoria,Ninguna,6,3,vincular-orientaciones|vincular-guia-por-audiencia
L4-referencias-observatorio-y-vigencia,6,recursos/glosario/colonizacion-cognitiva/index.md,/recursos/glosario/colonizacion-cognitiva/,Colonización cognitiva,page,recursos,180,referencia-opcional,revisar-en-fase-editorial,,estudiantado|profesorado,debil,1,debil,1,sin-alerta-automatica,,agenciamiento-y-cocreacion|etica-contexto-y-cuidados,false,false,visual-explicativo-candidato,sustituir-por-sistema-de-iconos-o-retirar,neon-tecnologico-generico,true,1,0,0,0,,sin-interaccion-obligatoria,Ninguna,6,2,vincular-orientaciones|vincular-guia-por-audiencia
L4-referencias-observatorio-y-vigencia,6,recursos/glosario/deriva-metacognitiva/index.md,/recursos/glosario/deriva-metacognitiva/,Deriva metacognitiva,page,recursos,168,referencia-opcional,revisar-en-fase-editorial,,estudiantado|profesorado,debil,0,debil,2,sin-alerta-automatica,,etica-contexto-y-cuidados,false,false,visual-explicativo-candidato,sustituir-por-sistema-de-iconos-o-retirar,neon-tecnologico-generico,true,1,0,0,0,,sin-interaccion-obligatoria,Ninguna,5,2,vincular-orientaciones|vincular-guia-por-audiencia
L4-referencias-observatorio-y-vigencia,6,recursos/glosario/ia-generativa/index.md,/recursos/glosario/ia-generativa/,IA generativa,page,recursos,109,referencia-opcional,revisar-en-fase-editorial,,estudiantado|profesorado,debil,1,debil,0,sin-alerta-automatica,,aprendizaje-y-evaluacion-del-proceso|etica-contexto-y-cuidados|decision-institucional-y-tecnologia,false,false,solo-imagen-de-portada,sustituir-por-sistema-de-iconos-o-retirar,neon-tecnologico-generico,true,0,0,0,0,,sin-interaccion-obligatoria,Ninguna,1,1,vincular-orientaciones|vincular-guia-por-audiencia
L4-referencias-observatorio-y-vigencia,6,recursos/glosario/justicia-epistemica/index.md,/recursos/glosario/justicia-epistemica/,Justicia epistémica,page,recursos,163,referencia-opcional,revisar-en-fase-editorial,,estudiantado|profesorado,debil,1,debil,2,sin-alerta-automatica,,agenciamiento-y-cocreacion|etica-contexto-y-cuidados|decision-institucional-y-tecnologia,false,false,visual-explicativo-candidato,sustituir-por-sistema-de-iconos-o-retirar,neon-tecnologico-generico,true,1,0,0,0,,sin-interaccion-obligatoria,Ninguna,7,1,vincular-orientaciones|vincular-guia-por-audiencia
L4-referencias-observatorio-y-vigencia,6,recursos/glosario/pensamiento-critico/index.md,/recursos/glosario/pensamiento-critico/,Pensamiento crítico,page,recursos,106,referencia-opcional,revisar-en-fase-editorial,,estudiantado|profesorado,debil,0,debil,2,sin-alerta-automatica,,verificacion-y-fuentes|aprendizaje-y-evaluacion-del-proceso|etica-contexto-y-cuidados,false,false,solo-imagen-de-portada,sustituir-por-sistema-de-iconos-o-retirar,neon-tecnologico-generico,true,0,0,0,0,,sin-interaccion-obligatoria,Ninguna,2,1,vincular-orientaciones|vincular-guia-por-audiencia
L4-referencias-observatorio-y-vigencia,6,recursos/glosario/sesgo-algoritmico/index.md,/recursos/glosario/sesgo-algoritmico/,Sesgo algorítmico,page,recursos,140,referencia-opcional,revisar-en-fase-editorial,,estudiantado|profesorado,debil,0,debil,1,sin-alerta-automatica,,etica-contexto-y-cuidados,false,false,solo-imagen-de-portada,sustituir-por-sistema-de-iconos-o-retirar,neon-tecnologico-generico,true,0,0,0,0,,sin-interaccion-obligatoria,Ninguna,0,0,crear-enlaces-de-continuidad|vincular-orientaciones|vincular-guia-por-audiencia
L4-referencias-observatorio-y-vigencia,6,recursos/links/ai-for-education-toolkit/index.md,/recursos/links/ai-for-education-toolkit/,Inteligencia artificial en la educación — UNESCO,page,recursos,191,referencia-opcional,verificar-vigencia-antes-de-enlazar,,estudiantado|profesorado,debil,1,debil,2,sin-alerta-automatica,,verificacion-y-fuentes|decision-institucional-y-tecnologia,false,false,solo-imagen-de-portada,reencuadrar-o-sustituir-tras-lectura,ilustracion-mixta,true,0,0,0,0,,sin-interaccion-obligatoria,Ninguna,0,0,crear-enlaces-de-continuidad|vincular-orientaciones|vincular-guia-por-audiencia
L4-referencias-observatorio-y-vigencia,5,ia-educacion/tendencias/evaluacion-en-la-era-ia/index.md,/ia-educacion/tendencias/evaluacion-en-la-era-ia/,"Regar las plantas, no solo construir cercas: repensar la evaluación en la era de la IA",page,ia-educacion,946,referencia-opcional,conservar-fuera-del-recorrido-obligatorio,,estudiantado|profesorado,debil,1,parcial,6,revision-dirigida,deteccion-de-ia-requiere-mediacion,verificacion-y-fuentes|agenciamiento-y-cocreacion|aprendizaje-y-evaluacion-del-proceso|etica-contexto-y-cuidados|decision-institucional-y-tecnologia,false,false,figura-gobernada,conservar-como-referencia,editorial-situada-o-conceptual-especifica,true,2,2,0,0,,sin-interaccion-obligatoria,Ninguna,0,0,crear-enlaces-de-continuidad|vincular-orientaciones|vincular-guia-por-audiencia
L4-referencias-observatorio-y-vigencia,5,ia-educacion/tendencias/politicas-institucionales-universidades/index.md,/ia-educacion/tendencias/politicas-institucionales-universidades/,Políticas institucionales de IA en universidades,page,ia-educacion,1166,referencia-opcional,conservar-fuera-del-recorrido-obligatorio,,estudiantado|profesorado,debil,1,parcial,6,revision-dirigida,deteccion-de-ia-requiere-mediacion|autoria-o-responsabilidad-de-la-ia-por-revisar,verificacion-y-fuentes|agenciamiento-y-cocreacion|aprendizaje-y-evaluacion-del-proceso|etica-contexto-y-cuidados|diseno-activo-hibrido|decision-institucional-y-tecnologia,false,false,figura-gobernada,reencuadrar-o-sustituir-tras-lectura,ilustracion-mixta,true,2,2,0,0,,sin-interaccion-obligatoria,Ninguna,5,2,vincular-orientaciones|vincular-guia-por-audiencia
L4-referencias-observatorio-y-vigencia,5,observatorio/documentacion/monitoreo-publicaciones-ia-educativa/index.md,/observatorio/documentacion/monitoreo-publicaciones-ia-educativa/,Monitoreo de publicaciones sobre IA educativa,page,observatorio,787,referencia-opcional,conservar-fuera-del-recorrido-obligatorio,,estudiantado|profesorado,debil,1,parcial,6,revision-dirigida,deteccion-de-ia-requiere-mediacion,agenciamiento-y-cocreacion|aprendizaje-y-evaluacion-del-proceso|etica-contexto-y-cuidados|decision-institucional-y-tecnologia,false,false,solo-imagen-de-portada,reencuadrar-o-sustituir-tras-lectura,ilustracion-mixta,true,0,0,0,0,,sin-interaccion-obligatoria,Ninguna,4,2,vincular-orientaciones|vincular-guia-por-audiencia
L4-referencias-observatorio-y-vigencia,5,recursos/institucionales/index.md,/recursos/institucionales/,Recursos institucionales para IA en educación,page,recursos,272,referencia-opcional,conservar-fuera-del-recorrido-obligatorio,,estudiantado|profesorado,debil,1,parcial,6,revision-dirigida,autoria-o-responsabilidad-de-la-ia-por-revisar,agenciamiento-y-cocreacion|aprendizaje-y-evaluacion-del-proceso|etica-contexto-y-cuidados|diseno-activo-hibrido|decision-institucional-y-tecnologia,false,false,solo-imagen-de-portada,reencuadrar-o-sustituir-tras-lectura,ilustracion-mixta,true,0,0,0,0,,sin-interaccion-obligatoria,Ninguna,0,0,crear-enlaces-de-continuidad|vincular-orientaciones|vincular-guia-por-audiencia
L4-referencias-observatorio-y-vigencia,4,blog/agenciamiento-humano-ia/index.md,/blog/agenciamiento-humano-ia/,El agenciamiento persona-IA: ni herramienta ni reemplazo,page,blog,880,referencia-opcional,conservar-fuera-del-recorrido-obligatorio,,estudiantado|profesorado,debil,0,parcial,5,sin-alerta-automatica,,agenciamiento-y-cocreacion|aprendizaje-y-evaluacion-del-proceso|etica-contexto-y-cuidados|decision-institucional-y-tecnologia,false,false,solo-imagen-de-portada,reencuadrar-o-sustituir-tras-lectura,ilustracion-mixta,true,0,0,0,0,,sin-interaccion-obligatoria,Ninguna,3,2,vincular-orientaciones|vincular-guia-por-audiencia
L4-referencias-observatorio-y-vigencia,4,blog/asimetria-de-la-transparencia/index.md,/blog/asimetria-de-la-transparencia/,La asimetría de la transparencia,page,blog,884,referencia-opcional,conservar-fuera-del-recorrido-obligatorio,,estudiantado|profesorado,parcial,2,parcial,5,revision-dirigida,deteccion-de-ia-requiere-mediacion|autoria-o-responsabilidad-de-la-ia-por-revisar,verificacion-y-fuentes|agenciamiento-y-cocreacion|aprendizaje-y-evaluacion-del-proceso|etica-contexto-y-cuidados|decision-institucional-y-tecnologia,false,false,visual-explicativo-candidato,reencuadrar-o-sustituir-tras-lectura,ilustracion-mixta,true,1,0,0,0,,sin-interaccion-obligatoria,Ninguna,3,2,vincular-orientaciones|vincular-guia-por-audiencia
L4-referencias-observatorio-y-vigencia,4,blog/rol-docente-era-ia/index.md,/blog/rol-docente-era-ia/,El rol del docente en la era de la IA,page,blog,851,referencia-opcional,conservar-fuera-del-recorrido-obligatorio,,estudiantado|profesorado,parcial,2,parcial,5,revision-dirigida,autoria-o-responsabilidad-de-la-ia-por-revisar,agenciamiento-y-cocreacion|aprendizaje-y-evaluacion-del-proceso|etica-contexto-y-cuidados|diseno-activo-hibrido|decision-institucional-y-tecnologia,false,false,solo-imagen-de-portada,reencuadrar-o-sustituir-tras-lectura,ilustracion-mixta,true,0,0,0,0,,sin-interaccion-obligatoria,Ninguna,3,3,vincular-orientaciones|vincular-guia-por-audiencia
L4-referencias-observatorio-y-vigencia,4,ia-educacion/tendencias/personalizacion-aprendizaje/index.md,/ia-educacion/tendencias/personalizacion-aprendizaje/,IA generativa y personalización del aprendizaje,page,ia-educacion,917,referencia-opcional,conservar-fuera-del-recorrido-obligatorio,,estudiantado|profesorado,debil,1,parcial,5,sin-alerta-automatica,,aprendizaje-y-evaluacion-del-proceso|diseno-activo-hibrido|decision-institucional-y-tecnologia,false,false,solo-imagen-de-portada,reencuadrar-o-sustituir-tras-lectura,ilustracion-mixta,true,0,0,0,0,,sin-interaccion-obligatoria,Ninguna,3,2,vincular-orientaciones|vincular-guia-por-audiencia
L4-referencias-observatorio-y-vigencia,4,observatorio/documentacion/monitoreo-herramientas-emergentes/index.md,/observatorio/documentacion/monitoreo-herramientas-emergentes/,Monitoreo de herramientas IA emergentes en educación,page,observatorio,817,referencia-opcional,conservar-fuera-del-recorrido-obligatorio,,estudiantado|profesorado,parcial,2,parcial,5,revision-dirigida,deteccion-de-ia-requiere-mediacion,agenciamiento-y-cocreacion|aprendizaje-y-evaluacion-del-proceso|etica-contexto-y-cuidados|decision-institucional-y-tecnologia,false,false,solo-imagen-de-portada,reencuadrar-o-sustituir-tras-lectura,ilustracion-mixta,true,0,0,0,0,,sin-interaccion-obligatoria,Ninguna,5,2,vincular-orientaciones|vincular-guia-por-audiencia
L4-referencias-observatorio-y-vigencia,4,recursos/articulos/autenticidad-evaluacion-ajjawi-bearman/index.md,/recursos/articulos/autenticidad-evaluacion-ajjawi-bearman/,"From authentic assessment to authenticity in assessment: Broadening perspectives — Ajjawi, Bearman et al.",page,recursos,479,referencia-opcional,conservar-como-profundizacion,,estudiantado|profesorado,debil,1,parcial,5,sin-alerta-automatica,,agenciamiento-y-cocreacion|aprendizaje-y-evaluacion-del-proceso|diseno-activo-hibrido|decision-institucional-y-tecnologia,false,false,sin-visual,evaluar-si-necesita-portada,sin-featured-local,false,0,0,0,0,,sin-interaccion-obligatoria,Ninguna,2,1,vincular-orientaciones|vincular-guia-por-audiencia
L4-referencias-observatorio-y-vigencia,4,recursos/articulos/guias-iagen-evaluacion-unam/index.md,/recursos/articulos/guias-iagen-evaluacion-unam/,"Tres guías UNAM sobre IA generativa en evaluación: bachillerato, licenciatura y posgrado",page,recursos,955,referencia-opcional,conservar-como-profundizacion,,estudiantado|profesorado,debil,1,parcial,4,sin-alerta-automatica,,aprendizaje-y-evaluacion-del-proceso|etica-contexto-y-cuidados|diseno-activo-hibrido|decision-institucional-y-tecnologia,false,false,visual-explicativo-candidato,reencuadrar-o-sustituir-tras-lectura,ilustracion-mixta,true,1,1,0,0,,sin-interaccion-obligatoria,Ninguna,6,2,vincular-orientaciones|vincular-guia-por-audiencia
L4-referencias-observatorio-y-vigencia,4,recursos/glosario/agenciamiento-persona-ia/index.md,/recursos/glosario/agenciamiento-persona-ia/,Agenciamiento persona-IA,page,recursos,163,referencia-opcional,revisar-en-fase-editorial,,estudiantado|profesorado,debil,0,parcial,3,sin-alerta-automatica,,agenciamiento-y-cocreacion|diseno-activo-hibrido|decision-institucional-y-tecnologia,false,false,visual-explicativo-candidato,sustituir-por-sistema-de-iconos-o-retirar,neon-tecnologico-generico,true,1,0,0,0,,sin-interaccion-obligatoria,Ninguna,5,3,vincular-orientaciones|vincular-guia-por-audiencia
L4-referencias-observatorio-y-vigencia,4,recursos/glosario/agentes-de-ia/index.md,/recursos/glosario/agentes-de-ia/,Agentes de IA,page,recursos,214,referencia-opcional,revisar-en-fase-editorial,,estudiantado|profesorado,parcial,3,parcial,5,revision-dirigida,autoria-o-responsabilidad-de-la-ia-por-revisar,etica-contexto-y-cuidados,false,false,solo-imagen-de-portada,sustituir-por-sistema-de-iconos-o-retirar,neon-tecnologico-generico,true,0,0,0,0,,sin-interaccion-obligatoria,Ninguna,3,1,vincular-orientaciones|vincular-guia-por-audiencia
L4-referencias-observatorio-y-vigencia,4,recursos/glosario/aula-invertida/index.md,/recursos/glosario/aula-invertida/,Aula invertida,page,recursos,159,referencia-opcional,revisar-en-fase-editorial,,estudiantado|profesorado,debil,0,parcial,3,sin-alerta-automatica,,aprendizaje-y-evaluacion-del-proceso|diseno-activo-hibrido,false,false,solo-imagen-de-portada,sustituir-por-sistema-de-iconos-o-retirar,neon-tecnologico-generico,true,0,0,0,0,,sin-interaccion-obligatoria,Ninguna,0,0,crear-enlaces-de-continuidad|vincular-orientaciones|vincular-guia-por-audiencia
L4-referencias-observatorio-y-vigencia,4,recursos/glosario/descarga-cognitiva/index.md,/recursos/glosario/descarga-cognitiva/,Descarga cognitiva,page,recursos,196,referencia-opcional,revisar-en-fase-editorial,,estudiantado|profesorado,parcial,2,debil,2,sin-alerta-automatica,,aprendizaje-y-evaluacion-del-proceso,false,false,solo-imagen-de-portada,sustituir-por-sistema-de-iconos-o-retirar,neon-tecnologico-generico,true,0,0,0,0,,sin-interaccion-obligatoria,Ninguna,5,2,vincular-orientaciones|vincular-guia-por-audiencia
L4-referencias-observatorio-y-vigencia,4,recursos/glosario/direccion-epistemica/index.md,/recursos/glosario/direccion-epistemica/,Dirección epistémica,page,recursos,164,referencia-opcional,revisar-en-fase-editorial,,estudiantado|profesorado,debil,0,parcial,3,sin-alerta-automatica,,verificacion-y-fuentes|agenciamiento-y-cocreacion|aprendizaje-y-evaluacion-del-proceso,false,false,visual-explicativo-candidato,sustituir-por-sistema-de-iconos-o-retirar,neon-tecnologico-generico,true,1,0,0,0,,sin-interaccion-obligatoria,Ninguna,7,2,vincular-orientaciones|vincular-guia-por-audiencia
L4-referencias-observatorio-y-vigencia,4,recursos/glosario/integridad-academica/index.md,/recursos/glosario/integridad-academica/,Integridad académica,page,recursos,124,referencia-opcional,revisar-en-fase-editorial,,estudiantado|profesorado,debil,1,parcial,4,sin-alerta-automatica,,agenciamiento-y-cocreacion|aprendizaje-y-evaluacion-del-proceso|etica-contexto-y-cuidados|diseno-activo-hibrido|decision-institucional-y-tecnologia,false,false,solo-imagen-de-portada,sustituir-por-sistema-de-iconos-o-retirar,neon-tecnologico-generico,true,0,0,0,0,,sin-interaccion-obligatoria,Ninguna,2,1,vincular-orientaciones|vincular-guia-por-audiencia
L4-referencias-observatorio-y-vigencia,4,recursos/glosario/soberania-tecnologica/index.md,/recursos/glosario/soberania-tecnologica/,Soberanía tecnológica,page,recursos,207,referencia-opcional,revisar-en-fase-editorial,,estudiantado|profesorado,debil,0,parcial,3,sin-alerta-automatica,,agenciamiento-y-cocreacion|etica-contexto-y-cuidados|decision-institucional-y-tecnologia,false,false,visual-explicativo-candidato,sustituir-por-sistema-de-iconos-o-retirar,neon-tecnologico-generico,true,1,0,0,0,,sin-interaccion-obligatoria,Ninguna,6,3,vincular-orientaciones|vincular-guia-por-audiencia
L4-referencias-observatorio-y-vigencia,4,recursos/glosario/tutor-inteligente/index.md,/recursos/glosario/tutor-inteligente/,Tutor inteligente,page,recursos,131,referencia-opcional,revisar-en-fase-editorial,,estudiantado|profesorado,debil,1,parcial,3,sin-alerta-automatica,,aprendizaje-y-evaluacion-del-proceso,false,false,solo-imagen-de-portada,sustituir-por-sistema-de-iconos-o-retirar,neon-tecnologico-generico,true,0,0,0,0,,sin-interaccion-obligatoria,Ninguna,0,0,crear-enlaces-de-continuidad|vincular-orientaciones|vincular-guia-por-audiencia
L4-referencias-observatorio-y-vigencia,4,recursos/links/ocde-ia-educacion/index.md,/recursos/links/ocde-ia-educacion/,Digital Education Outlook 2026 — OCDE,page,recursos,231,referencia-opcional,verificar-vigencia-antes-de-enlazar,,estudiantado|profesorado,debil,0,parcial,3,sin-alerta-automatica,,agenciamiento-y-cocreacion|aprendizaje-y-evaluacion-del-proceso|etica-contexto-y-cuidados|decision-institucional-y-tecnologia,false,false,solo-imagen-de-portada,reencuadrar-o-sustituir-tras-lectura,ilustracion-mixta,true,0,0,0,0,,sin-interaccion-obligatoria,Ninguna,0,0,crear-enlaces-de-continuidad|vincular-orientaciones|vincular-guia-por-audiencia
L4-referencias-observatorio-y-vigencia,4,recursos/links/unesco-marco-competencias-docentes-ia/index.md,/recursos/links/unesco-marco-competencias-docentes-ia/,Marco de competencias de IA para docentes — UNESCO,page,recursos,194,referencia-opcional,verificar-vigencia-antes-de-enlazar,,estudiantado|profesorado,debil,0,parcial,3,sin-alerta-automatica,,agenciamiento-y-cocreacion|etica-contexto-y-cuidados|decision-institucional-y-tecnologia,false,false,solo-imagen-de-portada,reencuadrar-o-sustituir-tras-lectura,ilustracion-mixta,true,0,0,0,0,,sin-interaccion-obligatoria,Ninguna,0,0,crear-enlaces-de-continuidad|vincular-orientaciones|vincular-guia-por-audiencia
L4-referencias-observatorio-y-vigencia,4,recursos/videos/tutoriales-herramientas-ia-docentes.md,/recursos/videos/tutoriales-herramientas-ia-docentes/,Fuentes audiovisuales para docentes: curaduría verificada,page,recursos,419,referencia-opcional,verificar-vigencia-antes-de-enlazar,,estudiantado|profesorado,parcial,2,parcial,4,revision-dirigida,autoria-o-responsabilidad-de-la-ia-por-revisar,verificacion-y-fuentes|agenciamiento-y-cocreacion|aprendizaje-y-evaluacion-del-proceso|etica-contexto-y-cuidados|diseno-activo-hibrido|decision-institucional-y-tecnologia,false,false,solo-imagen-de-portada,reencuadrar-o-sustituir-tras-lectura,ilustracion-mixta,true,0,0,0,0,,sin-interaccion-obligatoria,Ninguna,3,1,vincular-orientaciones|vincular-guia-por-audiencia
L4-referencias-observatorio-y-vigencia,3,blog/ia-generativa-evaluacion-autentica/index.md,/blog/ia-generativa-evaluacion-autentica/,IA generativa y evaluación auténtica,page,blog,992,referencia-opcional,conservar-fuera-del-recorrido-obligatorio,,estudiantado|profesorado,parcial,2,robusto-candidato,7,revision-dirigida,deteccion-de-ia-requiere-mediacion,verificacion-y-fuentes|agenciamiento-y-cocreacion|aprendizaje-y-evaluacion-del-proceso|etica-contexto-y-cuidados|diseno-activo-hibrido|decision-institucional-y-tecnologia,false,false,solo-imagen-de-portada,reencuadrar-o-sustituir-tras-lectura,ilustracion-mixta,true,0,0,0,0,,sin-interaccion-obligatoria,Ninguna,4,4,vincular-orientaciones|vincular-guia-por-audiencia
L4-referencias-observatorio-y-vigencia,3,ia-educacion/rutas/coordinacion-academica/index.md,/ia-educacion/rutas/coordinacion-academica/,"Organiza un piloto de IA en tu departamento o programa, en seis pasos",page,ia-educacion,2210,referencia-opcional,conservar-fuera-del-recorrido-obligatorio,,estudiantado|profesorado,parcial,3,robusto-candidato,8,revision-dirigida,deteccion-de-ia-requiere-mediacion|autoria-o-responsabilidad-de-la-ia-por-revisar,verificacion-y-fuentes|agenciamiento-y-cocreacion|aprendizaje-y-evaluacion-del-proceso|etica-contexto-y-cuidados|diseno-activo-hibrido|decision-institucional-y-tecnologia,false,false,figura-gobernada,conservar-como-referencia,editorial-situada-o-conceptual-especifica,true,3,3,1,0,,sin-interaccion-obligatoria,Ninguna,11,4,vincular-orientaciones|vincular-guia-por-audiencia
L4-referencias-observatorio-y-vigencia,3,ia-educacion/tendencias/ia-tutorias-mentoria/index.md,/ia-educacion/tendencias/ia-tutorias-mentoria/,IA en tutorías y mentoría estudiantil,page,ia-educacion,1179,referencia-opcional,conservar-fuera-del-recorrido-obligatorio,,estudiantado|profesorado,parcial,2,parcial,6,revision-dirigida,autoria-o-responsabilidad-de-la-ia-por-revisar,verificacion-y-fuentes|agenciamiento-y-cocreacion|aprendizaje-y-evaluacion-del-proceso|etica-contexto-y-cuidados|diseno-activo-hibrido|decision-institucional-y-tecnologia,false,false,solo-imagen-de-portada,reencuadrar-o-sustituir-tras-lectura,ilustracion-mixta,true,0,0,0,0,,sin-interaccion-obligatoria,Ninguna,3,2,vincular-orientaciones|vincular-guia-por-audiencia
L4-referencias-observatorio-y-vigencia,3,observatorio/documentacion/redes-investigacion-vinculacion/index.md,/observatorio/documentacion/redes-investigacion-vinculacion/,Redes de investigación y vinculación academia-industria,page,observatorio,885,referencia-opcional,conservar-fuera-del-recorrido-obligatorio,,estudiantado|profesorado,debil,0,parcial,6,sin-alerta-automatica,,agenciamiento-y-cocreacion|aprendizaje-y-evaluacion-del-proceso|etica-contexto-y-cuidados|diseno-activo-hibrido|decision-institucional-y-tecnologia,false,false,solo-imagen-de-portada,conservar-como-referencia,editorial-situada-o-conceptual-especifica,true,0,0,0,0,,sin-interaccion-obligatoria,Ninguna,4,4,vincular-orientaciones|vincular-guia-por-audiencia
L4-referencias-observatorio-y-vigencia,3,recursos/catalogo-herramientas-ia/index.md,/recursos/catalogo-herramientas-ia/,Catálogo de herramientas IA para educación universitaria,page,recursos,1768,referencia-opcional,conservar-fuera-del-recorrido-obligatorio,,estudiantado|profesorado,parcial,3,parcial,6,revision-dirigida,deteccion-de-ia-requiere-mediacion,agenciamiento-y-cocreacion|aprendizaje-y-evaluacion-del-proceso|etica-contexto-y-cuidados|diseno-activo-hibrido|decision-institucional-y-tecnologia,false,false,visual-explicativo-candidato,reencuadrar-o-sustituir-tras-lectura,ilustracion-mixta,true,0,0,0,0,,sin-interaccion-obligatoria,Ninguna,0,0,crear-enlaces-de-continuidad|vincular-orientaciones|vincular-guia-por-audiencia
L4-referencias-observatorio-y-vigencia,3,recursos/glosario/diseno-inverso/index.md,/recursos/glosario/diseno-inverso/,Diseño inverso,page,recursos,173,referencia-opcional,reutilizar-con-ajustes,M5,profesorado,debil,1,parcial,6,sin-alerta-automatica,,verificacion-y-fuentes|aprendizaje-y-evaluacion-del-proceso|diseno-activo-hibrido,false,false,solo-imagen-de-portada,sustituir-por-sistema-de-iconos-o-retirar,neon-tecnologico-generico,true,0,0,0,0,,sin-interaccion-obligatoria,Ninguna,0,0,crear-enlaces-de-continuidad|vincular-orientaciones|vincular-guia-por-audiencia
L4-referencias-observatorio-y-vigencia,3,recursos/links/syllabus-internacionales-ia/index.md,/recursos/links/syllabus-internacionales-ia/,Políticas de IA para el syllabus: ejemplos internacionales,page,recursos,769,referencia-opcional,verificar-vigencia-antes-de-enlazar,,estudiantado|profesorado,parcial,2,robusto-candidato,7,revision-dirigida,autoria-o-responsabilidad-de-la-ia-por-revisar,verificacion-y-fuentes|agenciamiento-y-cocreacion|aprendizaje-y-evaluacion-del-proceso|etica-contexto-y-cuidados|diseno-activo-hibrido|decision-institucional-y-tecnologia,false,false,solo-imagen-de-portada,reencuadrar-o-sustituir-tras-lectura,ilustracion-mixta,true,0,0,0,0,,sin-interaccion-obligatoria,Ninguna,4,3,vincular-orientaciones|vincular-guia-por-audiencia
L4-referencias-observatorio-y-vigencia,3,recursos/politica-ia-udeg/index.md,/recursos/politica-ia-udeg/,Sugerencias y criterios para pensar una política de IA en la UdeG,page,recursos,2193,referencia-opcional,conservar-fuera-del-recorrido-obligatorio,,estudiantado|profesorado,parcial,2,parcial,6,revision-dirigida,deteccion-de-ia-requiere-mediacion|autoria-o-responsabilidad-de-la-ia-por-revisar,verificacion-y-fuentes|agenciamiento-y-cocreacion|aprendizaje-y-evaluacion-del-proceso|etica-contexto-y-cuidados|diseno-activo-hibrido|decision-institucional-y-tecnologia,false,false,visual-explicativo-candidato,reencuadrar-o-sustituir-tras-lectura,ilustracion-mixta,true,0,0,0,0,,sin-interaccion-obligatoria,Ninguna,3,3,vincular-orientaciones|vincular-guia-por-audiencia
L4-referencias-observatorio-y-vigencia,3,recursos/repositorio-prompts-docentes/index.md,/recursos/repositorio-prompts-docentes/,Repositorio de prompts para docentes: banco curado por fase pedagógica,page,recursos,1364,referencia-opcional,conservar-fuera-del-recorrido-obligatorio,,estudiantado|profesorado,parcial,3,robusto-candidato,7,revision-dirigida,deteccion-de-ia-requiere-mediacion,verificacion-y-fuentes|agenciamiento-y-cocreacion|aprendizaje-y-evaluacion-del-proceso|etica-contexto-y-cuidados|diseno-activo-hibrido|decision-institucional-y-tecnologia,false,false,visual-explicativo-candidato,reencuadrar-o-sustituir-tras-lectura,ilustracion-mixta,true,0,0,0,0,,sin-interaccion-obligatoria,Ninguna,0,0,crear-enlaces-de-continuidad|vincular-orientaciones|vincular-guia-por-audiencia
L4-referencias-observatorio-y-vigencia,2,blog/rizoma-digital-aprender-sin-mapa/index.md,/blog/rizoma-digital-aprender-sin-mapa/,El rizoma digital: aprender sin mapa,page,blog,943,referencia-opcional,conservar-fuera-del-recorrido-obligatorio,,estudiantado|profesorado,parcial,3,parcial,3,sin-alerta-automatica,,agenciamiento-y-cocreacion|aprendizaje-y-evaluacion-del-proceso,false,false,solo-imagen-de-portada,reencuadrar-o-sustituir-tras-lectura,ilustracion-mixta,true,0,0,0,0,,sin-interaccion-obligatoria,Ninguna,3,1,vincular-orientaciones|vincular-guia-por-audiencia
L4-referencias-observatorio-y-vigencia,2,ia-educacion/rutas/decision-institucional-ia/index.md,/ia-educacion/rutas/decision-institucional-ia/,"Prepara la decisión institucional sobre IA en la docencia, en seis decisiones",page,ia-educacion,3026,referencia-opcional,conservar-fuera-del-recorrido-obligatorio,,estudiantado|profesorado,parcial,4,robusto-candidato,8,revision-dirigida,deteccion-de-ia-requiere-mediacion|autoria-o-responsabilidad-de-la-ia-por-revisar,verificacion-y-fuentes|agenciamiento-y-cocreacion|aprendizaje-y-evaluacion-del-proceso|etica-contexto-y-cuidados|diseno-activo-hibrido|decision-institucional-y-tecnologia,false,false,figura-gobernada,conservar-como-referencia,editorial-situada-o-conceptual-especifica,true,3,3,1,0,,sin-interaccion-obligatoria,Ninguna,5,0,vincular-orientaciones|vincular-guia-por-audiencia
L4-referencias-observatorio-y-vigencia,2,observatorio/estudios/creatividad-humana-ia/index.md,/observatorio/estudios/creatividad-humana-ia/,Creatividad humana e inteligencia artificial: Más allá del antropocentrismo,page,observatorio,518,referencia-opcional,conservar-fuera-del-recorrido-obligatorio,,estudiantado|profesorado,parcial,2,parcial,4,sin-alerta-automatica,,agenciamiento-y-cocreacion|aprendizaje-y-evaluacion-del-proceso|etica-contexto-y-cuidados|decision-institucional-y-tecnologia,false,false,visual-explicativo-candidato,reencuadrar-o-sustituir-tras-lectura,ilustracion-mixta,true,0,0,1,0,,sin-interaccion-obligatoria,Ninguna,3,2,vincular-orientaciones|vincular-guia-por-audiencia
L4-referencias-observatorio-y-vigencia,2,observatorio/estudios/crisis-revision-pares-ia/index.md,/observatorio/estudios/crisis-revision-pares-ia/,"Más, no mejor: IA, incentivos y la crisis emergente de la revisión por pares",page,observatorio,1300,referencia-opcional,conservar-fuera-del-recorrido-obligatorio,,estudiantado|profesorado,parcial,3,parcial,5,sin-alerta-automatica,,verificacion-y-fuentes|agenciamiento-y-cocreacion|aprendizaje-y-evaluacion-del-proceso|etica-contexto-y-cuidados|decision-institucional-y-tecnologia,false,false,solo-imagen-de-portada,reencuadrar-o-sustituir-tras-lectura,ilustracion-mixta,true,0,0,0,0,,sin-interaccion-obligatoria,Ninguna,4,1,vincular-orientaciones|vincular-guia-por-audiencia
L4-referencias-observatorio-y-vigencia,2,observatorio/estudios/encuesta-dec-2026/index.md,/observatorio/estudios/encuesta-dec-2026/,Encuesta DEC 2026 — IA en educación superior,page,observatorio,633,referencia-opcional,conservar-fuera-del-recorrido-obligatorio,,estudiantado|profesorado,parcial,2,parcial,3,sin-alerta-automatica,,verificacion-y-fuentes|agenciamiento-y-cocreacion|aprendizaje-y-evaluacion-del-proceso|etica-contexto-y-cuidados|decision-institucional-y-tecnologia,false,false,solo-imagen-de-portada,reencuadrar-o-sustituir-tras-lectura,ilustracion-mixta,true,0,0,0,0,,sin-interaccion-obligatoria,Ninguna,2,1,vincular-orientaciones|vincular-guia-por-audiencia
L4-referencias-observatorio-y-vigencia,2,observatorio/estudios/habitar-ia-simondon/index.md,/observatorio/estudios/habitar-ia-simondon/,"Habitar la IA: técnica, cultura y aprendizaje con Simondon",page,observatorio,2207,referencia-opcional,conservar-fuera-del-recorrido-obligatorio,,estudiantado|profesorado,parcial,4,robusto-candidato,8,revision-dirigida,autoria-o-responsabilidad-de-la-ia-por-revisar,agenciamiento-y-cocreacion|aprendizaje-y-evaluacion-del-proceso|etica-contexto-y-cuidados|diseno-activo-hibrido|decision-institucional-y-tecnologia,false,false,visual-explicativo-candidato,reencuadrar-o-sustituir-tras-lectura,ilustracion-mixta,true,2,2,0,0,,sin-interaccion-obligatoria,Ninguna,6,5,vincular-orientaciones|vincular-guia-por-audiencia
L4-referencias-observatorio-y-vigencia,2,observatorio/estudios/paradoja-descarga-cognitiva/index.md,/observatorio/estudios/paradoja-descarga-cognitiva/,La paradoja de la descarga cognitiva en el aprendizaje,page,observatorio,1441,referencia-opcional,conservar-fuera-del-recorrido-obligatorio,,estudiantado|profesorado,parcial,2,parcial,5,sin-alerta-automatica,,verificacion-y-fuentes|agenciamiento-y-cocreacion|aprendizaje-y-evaluacion-del-proceso|etica-contexto-y-cuidados|diseno-activo-hibrido|decision-institucional-y-tecnologia,false,false,figura-gobernada,reencuadrar-o-sustituir-tras-lectura,ilustracion-mixta,true,2,2,0,0,,sin-interaccion-obligatoria,Ninguna,3,2,vincular-orientaciones|vincular-guia-por-audiencia
L4-referencias-observatorio-y-vigencia,2,observatorio/guias/evaluacion-herramientas-ia-educativas/index.md,/observatorio/guias/evaluacion-herramientas-ia-educativas/,Revisa una herramienta de IA antes de autorizarla: seis dimensiones y una decisión,page,observatorio,1386,referencia-opcional,conservar-fuera-del-recorrido-obligatorio,,estudiantado|profesorado,parcial,4,robusto-candidato,7,revision-dirigida,autoria-o-responsabilidad-de-la-ia-por-revisar,verificacion-y-fuentes|agenciamiento-y-cocreacion|aprendizaje-y-evaluacion-del-proceso|etica-contexto-y-cuidados|diseno-activo-hibrido|decision-institucional-y-tecnologia,false,false,solo-imagen-de-portada,reencuadrar-o-sustituir-tras-lectura,ilustracion-mixta,true,0,0,0,0,,sin-interaccion-obligatoria,Ninguna,3,3,vincular-orientaciones|vincular-guia-por-audiencia
L4-referencias-observatorio-y-vigencia,2,recursos/articulos/cormier-rhizomatic-education/index.md,/recursos/articulos/cormier-rhizomatic-education/,Rhizomatic education: community as curriculum — Cormier,page,recursos,366,referencia-opcional,conservar-como-profundizacion,,estudiantado|profesorado,parcial,3,parcial,3,sin-alerta-automatica,,agenciamiento-y-cocreacion|aprendizaje-y-evaluacion-del-proceso|etica-contexto-y-cuidados|decision-institucional-y-tecnologia,false,false,solo-imagen-de-portada,reencuadrar-o-sustituir-tras-lectura,ilustracion-mixta,true,0,0,0,0,,sin-interaccion-obligatoria,Ninguna,3,3,vincular-orientaciones|vincular-guia-por-audiencia
L4-referencias-observatorio-y-vigencia,2,recursos/articulos/genai-feedback-engagement-2025/index.md,/recursos/articulos/genai-feedback-engagement-2025/,Generative AI as an enabler of student feedback engagement,page,recursos,565,referencia-opcional,conservar-como-profundizacion,,estudiantado|profesorado,parcial,2,parcial,5,sin-alerta-automatica,,verificacion-y-fuentes|agenciamiento-y-cocreacion|aprendizaje-y-evaluacion-del-proceso|etica-contexto-y-cuidados|diseno-activo-hibrido,false,false,solo-imagen-de-portada,conservar-como-referencia,editorial-situada-o-conceptual-especifica,true,0,0,0,0,,sin-interaccion-obligatoria,Ninguna,2,2,vincular-orientaciones|vincular-guia-por-audiencia
L4-referencias-observatorio-y-vigencia,2,recursos/articulos/next-era-assessment-dec/index.md,/recursos/articulos/next-era-assessment-dec/,The Next Era of Assessment: A Global Review of AI in Assessment Design — Digital Education Council,page,recursos,503,referencia-opcional,conservar-como-profundizacion,,estudiantado|profesorado,parcial,3,parcial,5,sin-alerta-automatica,,verificacion-y-fuentes|agenciamiento-y-cocreacion|aprendizaje-y-evaluacion-del-proceso|etica-contexto-y-cuidados|diseno-activo-hibrido|decision-institucional-y-tecnologia,false,false,solo-imagen-de-portada,reencuadrar-o-sustituir-tras-lectura,ilustracion-mixta,true,0,0,0,0,,sin-interaccion-obligatoria,Ninguna,3,1,vincular-orientaciones|vincular-guia-por-audiencia
L4-referencias-observatorio-y-vigencia,2,recursos/articulos/partnerships-pedagogicos-ia-wang-zhang/index.md,/recursos/articulos/partnerships-pedagogicos-ia-wang-zhang/,Alianzas pedagógicas con IA generativa — Wang & Zhang (2026),page,recursos,1087,referencia-opcional,conservar-como-profundizacion,,estudiantado|profesorado,parcial,3,parcial,4,sin-alerta-automatica,,verificacion-y-fuentes|aprendizaje-y-evaluacion-del-proceso|etica-contexto-y-cuidados|diseno-activo-hibrido|decision-institucional-y-tecnologia,false,false,solo-imagen-de-portada,reencuadrar-o-sustituir-tras-lectura,ilustracion-mixta,true,0,0,0,0,,sin-interaccion-obligatoria,Ninguna,1,1,vincular-orientaciones|vincular-guia-por-audiencia
L4-referencias-observatorio-y-vigencia,2,recursos/glosario/aprendizaje-digital/index.md,/recursos/glosario/aprendizaje-digital/,Aprendizaje digital,page,recursos,177,referencia-opcional,revisar-en-fase-editorial,,estudiantado|profesorado,parcial,2,parcial,5,sin-alerta-automatica,,verificacion-y-fuentes|agenciamiento-y-cocreacion|aprendizaje-y-evaluacion-del-proceso|etica-contexto-y-cuidados|diseno-activo-hibrido|decision-institucional-y-tecnologia,false,false,solo-imagen-de-portada,sustituir-por-sistema-de-iconos-o-retirar,neon-tecnologico-generico,true,0,0,0,0,,sin-interaccion-obligatoria,Ninguna,1,1,vincular-orientaciones|vincular-guia-por-audiencia
L4-referencias-observatorio-y-vigencia,2,recursos/glosario/esfuerzo-productivo/index.md,/recursos/glosario/esfuerzo-productivo/,Esfuerzo productivo,page,recursos,166,referencia-opcional,revisar-en-fase-editorial,,estudiantado|profesorado,parcial,2,parcial,3,sin-alerta-automatica,,aprendizaje-y-evaluacion-del-proceso|diseno-activo-hibrido,false,false,visual-explicativo-candidato,sustituir-por-sistema-de-iconos-o-retirar,neon-tecnologico-generico,true,1,0,0,0,,sin-interaccion-obligatoria,Ninguna,5,2,vincular-orientaciones|vincular-guia-por-audiencia
L4-referencias-observatorio-y-vigencia,2,recursos/glosario/ganancia-cognitiva/index.md,/recursos/glosario/ganancia-cognitiva/,Ganancia cognitiva,page,recursos,662,referencia-opcional,revisar-en-fase-editorial,,estudiantado|profesorado,parcial,4,robusto-candidato,7,revision-dirigida,deteccion-de-ia-requiere-mediacion,verificacion-y-fuentes|agenciamiento-y-cocreacion|aprendizaje-y-evaluacion-del-proceso|diseno-activo-hibrido|decision-institucional-y-tecnologia,false,false,sin-visual,sustituir-por-sistema-de-iconos-o-retirar,neon-tecnologico-generico,false,0,0,0,0,,sin-interaccion-obligatoria,Ninguna,4,2,vincular-orientaciones|vincular-guia-por-audiencia
L4-referencias-observatorio-y-vigencia,2,recursos/glosario/ingenieria-de-prompts/index.md,/recursos/glosario/ingenieria-de-prompts/,Ingeniería de prompts,page,recursos,177,referencia-opcional,revisar-en-fase-editorial,,estudiantado|profesorado,parcial,3,parcial,5,sin-alerta-automatica,,verificacion-y-fuentes|aprendizaje-y-evaluacion-del-proceso|etica-contexto-y-cuidados,false,false,solo-imagen-de-portada,sustituir-por-sistema-de-iconos-o-retirar,neon-tecnologico-generico,true,0,0,0,0,,sin-interaccion-obligatoria,Ninguna,1,1,vincular-orientaciones|vincular-guia-por-audiencia
L4-referencias-observatorio-y-vigencia,2,recursos/glosario/trazabilidad/index.md,/recursos/glosario/trazabilidad/,Trazabilidad,page,recursos,157,referencia-opcional,revisar-en-fase-editorial,,estudiantado|profesorado,parcial,2,parcial,3,sin-alerta-automatica,,verificacion-y-fuentes|agenciamiento-y-cocreacion|aprendizaje-y-evaluacion-del-proceso,false,false,visual-explicativo-candidato,sustituir-por-sistema-de-iconos-o-retirar,neon-tecnologico-generico,true,1,0,0,0,,sin-interaccion-obligatoria,Ninguna,6,3,vincular-orientaciones|vincular-guia-por-audiencia
L4-referencias-observatorio-y-vigencia,2,recursos/glosario/vendor-lock-in/index.md,/recursos/glosario/vendor-lock-in/,Dependencia de proveedor (vendor lock-in),page,recursos,159,referencia-opcional,revisar-en-fase-editorial,,estudiantado|profesorado,parcial,2,parcial,3,sin-alerta-automatica,,agenciamiento-y-cocreacion|aprendizaje-y-evaluacion-del-proceso|etica-contexto-y-cuidados|decision-institucional-y-tecnologia,false,false,visual-explicativo-candidato,sustituir-por-sistema-de-iconos-o-retirar,neon-tecnologico-generico,true,1,0,0,0,,sin-interaccion-obligatoria,Ninguna,5,2,vincular-orientaciones|vincular-guia-por-audiencia
L4-referencias-observatorio-y-vigencia,2,recursos/links/comunidades-practica-docente-ia/index.md,/recursos/links/comunidades-practica-docente-ia/,Redes y espacios para compartir prácticas docentes con IA,page,recursos,737,referencia-opcional,verificar-vigencia-antes-de-enlazar,,estudiantado|profesorado,parcial,3,parcial,5,sin-alerta-automatica,,verificacion-y-fuentes|aprendizaje-y-evaluacion-del-proceso|etica-contexto-y-cuidados|diseno-activo-hibrido|decision-institucional-y-tecnologia,false,false,solo-imagen-de-portada,conservar-como-referencia,editorial-situada-o-conceptual-especifica,true,0,0,0,0,,sin-interaccion-obligatoria,Ninguna,3,2,vincular-orientaciones|vincular-guia-por-audiencia
L4-referencias-observatorio-y-vigencia,2,recursos/videos/learn-prompting-curso-completo.md,/recursos/videos/learn-prompting-curso-completo/,Learn Prompting: guía introductoria y cursos,page,recursos,283,referencia-opcional,verificar-vigencia-antes-de-enlazar,,estudiantado|profesorado,parcial,2,parcial,3,sin-alerta-automatica,,verificacion-y-fuentes|etica-contexto-y-cuidados,false,false,solo-imagen-de-portada,reencuadrar-o-sustituir-tras-lectura,ilustracion-mixta,true,0,0,0,0,,sin-interaccion-obligatoria,Ninguna,1,1,vincular-orientaciones|vincular-guia-por-audiencia
L4-referencias-observatorio-y-vigencia,2,recursos/videos/sal-khan-ia-educacion.md,/recursos/videos/sal-khan-ia-educacion/,Sal Khan presenta su visión de la IA como apoyo educativo,page,recursos,345,referencia-opcional,verificar-vigencia-antes-de-enlazar,,estudiantado|profesorado,parcial,2,parcial,3,sin-alerta-automatica,,verificacion-y-fuentes|aprendizaje-y-evaluacion-del-proceso|etica-contexto-y-cuidados|diseno-activo-hibrido,false,false,solo-imagen-de-portada,reencuadrar-o-sustituir-tras-lectura,ilustracion-mixta,true,0,0,0,0,,sin-interaccion-obligatoria,Ninguna,0,0,crear-enlaces-de-continuidad|vincular-orientaciones|vincular-guia-por-audiencia
L4-referencias-observatorio-y-vigencia,1,blog/aprender-con-ia-vs-aprender-sobre-ia/index.md,/blog/aprender-con-ia-vs-aprender-sobre-ia/,Aprender con IA vs aprender sobre IA,page,blog,781,referencia-opcional,conservar-fuera-del-recorrido-obligatorio,,estudiantado|profesorado,parcial,2,parcial,6,sin-alerta-automatica,,verificacion-y-fuentes|agenciamiento-y-cocreacion|aprendizaje-y-evaluacion-del-proceso|etica-contexto-y-cuidados|decision-institucional-y-tecnologia,false,false,solo-imagen-de-portada,reencuadrar-o-sustituir-tras-lectura,ilustracion-mixta,true,0,0,0,0,,sin-interaccion-obligatoria,Ninguna,4,4,vincular-orientaciones|vincular-guia-por-audiencia
L4-referencias-observatorio-y-vigencia,1,observatorio/estudios/encuesta-eniag-mexico/index.md,/observatorio/estudios/encuesta-eniag-mexico/,Censo nacional ENIAG — IA generativa en la educación superior mexicana,page,observatorio,1246,referencia-opcional,conservar-fuera-del-recorrido-obligatorio,,estudiantado|profesorado,parcial,2,parcial,6,sin-alerta-automatica,,verificacion-y-fuentes|agenciamiento-y-cocreacion|aprendizaje-y-evaluacion-del-proceso|etica-contexto-y-cuidados|decision-institucional-y-tecnologia,false,false,visual-explicativo-candidato,reencuadrar-o-sustituir-tras-lectura,ilustracion-mixta,true,1,0,0,0,,sin-interaccion-obligatoria,Ninguna,4,3,vincular-orientaciones|vincular-guia-por-audiencia
L4-referencias-observatorio-y-vigencia,1,recursos/glosario/gobernanza-distribuida/index.md,/recursos/glosario/gobernanza-distribuida/,Gobernanza distribuida,page,recursos,162,referencia-opcional,revisar-en-fase-editorial,,estudiantado|profesorado,parcial,2,parcial,6,sin-alerta-automatica,,agenciamiento-y-cocreacion|aprendizaje-y-evaluacion-del-proceso|etica-contexto-y-cuidados|diseno-activo-hibrido|decision-institucional-y-tecnologia,false,false,visual-explicativo-candidato,sustituir-por-sistema-de-iconos-o-retirar,neon-tecnologico-generico,true,1,0,0,0,,sin-interaccion-obligatoria,Ninguna,4,3,vincular-orientaciones|vincular-guia-por-audiencia
L4-referencias-observatorio-y-vigencia,0,observatorio/guias/documentacion-buenas-practicas-ia/index.md,/observatorio/guias/documentacion-buenas-practicas-ia/,Documenta una práctica docente con IA para que otra persona pueda repetirla,page,observatorio,977,referencia-opcional,conservar-fuera-del-recorrido-obligatorio,,estudiantado|profesorado,robusto-candidato,5,robusto-candidato,8,sin-alerta-automatica,,verificacion-y-fuentes|agenciamiento-y-cocreacion|aprendizaje-y-evaluacion-del-proceso|etica-contexto-y-cuidados|diseno-activo-hibrido|decision-institucional-y-tecnologia,false,false,solo-imagen-de-portada,reencuadrar-o-sustituir-tras-lectura,ilustracion-mixta,true,0,0,0,0,,sin-interaccion-obligatoria,Ninguna,6,6,vincular-orientaciones|vincular-guia-por-audiencia
L4-referencias-observatorio-y-vigencia,0,recursos/comparativa-llm-pedagogica/index.md,/recursos/comparativa-llm-pedagogica/,Comparativa pedagógica de LLMs: qué usar para qué tarea,page,recursos,882,referencia-opcional,conservar-fuera-del-recorrido-obligatorio,,estudiantado|profesorado,parcial,4,robusto-candidato,7,sin-alerta-automatica,,agenciamiento-y-cocreacion|aprendizaje-y-evaluacion-del-proceso|etica-contexto-y-cuidados|diseno-activo-hibrido|decision-institucional-y-tecnologia,false,false,solo-imagen-de-portada,reencuadrar-o-sustituir-tras-lectura,ilustracion-mixta,true,0,0,0,0,,sin-interaccion-obligatoria,Ninguna,5,3,vincular-orientaciones|vincular-guia-por-audiencia
L5-navegacion-y-material-fuera-del-recorrido,8,recursos/glosario/_index.md,/recursos/glosario/,Glosario de términos,section,recursos,314,navegacion,conservar-como-navegacion,,,debil,1,debil,2,revision-dirigida,correspondencia-samr-bloom-por-revisar,agenciamiento-y-cocreacion|aprendizaje-y-evaluacion-del-proceso|etica-contexto-y-cuidados|diseno-activo-hibrido|decision-institucional-y-tecnologia,false,false,solo-imagen-de-portada,rediseñar-como-identidad-de-seccion,portada-generica-de-seccion,true,0,0,0,0,,sin-interaccion-obligatoria,Ninguna,1,1,vincular-orientaciones|vincular-guia-por-audiencia
L5-navegacion-y-material-fuera-del-recorrido,6,_index.md,/,Aprendizaje digital e IA,section,_index.md,277,navegacion,conservar-como-navegacion,,,debil,0,parcial,5,revision-dirigida,autoria-o-responsabilidad-de-la-ia-por-revisar,aprendizaje-y-evaluacion-del-proceso|etica-contexto-y-cuidados|diseno-activo-hibrido|decision-institucional-y-tecnologia,false,false,figura-gobernada,no-requiere-portada-adicional,sin-featured-local,false,0,0,0,0,,sin-interaccion-obligatoria,Ninguna,9,9,vincular-orientaciones|vincular-guia-por-audiencia
L5-navegacion-y-material-fuera-del-recorrido,6,areas/digital/_index.md,/areas/digital/,Aprendizaje digital,section,areas,0,navegacion,conservar-como-navegacion,,,debil,0,debil,0,sin-alerta-automatica,,aprendizaje-y-evaluacion-del-proceso|decision-institucional-y-tecnologia,false,false,sin-visual,evaluar-si-necesita-portada,sin-featured-local,false,0,0,0,0,,sin-interaccion-obligatoria,Ninguna,0,0,agregar-summary|vincular-orientaciones|vincular-guia-por-audiencia
L5-navegacion-y-material-fuera-del-recorrido,6,areas/etica/_index.md,/areas/etica/,Ética,section,areas,0,navegacion,conservar-como-navegacion,,,debil,0,debil,0,sin-alerta-automatica,,etica-contexto-y-cuidados,false,false,sin-visual,evaluar-si-necesita-portada,sin-featured-local,false,0,0,0,0,,sin-interaccion-obligatoria,Ninguna,0,0,agregar-summary|vincular-orientaciones|vincular-guia-por-audiencia
L5-navegacion-y-material-fuera-del-recorrido,6,areas/evaluacion/_index.md,/areas/evaluacion/,Evaluación,section,areas,0,navegacion,conservar-como-navegacion,,,debil,0,debil,0,sin-alerta-automatica,,agenciamiento-y-cocreacion|aprendizaje-y-evaluacion-del-proceso,false,false,sin-visual,evaluar-si-necesita-portada,sin-featured-local,false,0,0,0,0,,sin-interaccion-obligatoria,Ninguna,0,0,agregar-summary|vincular-orientaciones|vincular-guia-por-audiencia
L5-navegacion-y-material-fuera-del-recorrido,6,areas/formacion/_index.md,/areas/formacion/,Formación docente,section,areas,0,navegacion,conservar-como-navegacion,,,debil,0,debil,1,sin-alerta-automatica,,,false,false,sin-visual,evaluar-si-necesita-portada,sin-featured-local,false,0,0,0,0,,sin-interaccion-obligatoria,Ninguna,0,0,agregar-summary
L5-navegacion-y-material-fuera-del-recorrido,6,areas/ia/_index.md,/areas/ia/,IA,section,areas,0,navegacion,conservar-como-navegacion,,,debil,0,debil,0,sin-alerta-automatica,,,false,false,sin-visual,evaluar-si-necesita-portada,sin-featured-local,false,0,0,0,0,,sin-interaccion-obligatoria,Ninguna,0,0,agregar-summary
L5-navegacion-y-material-fuera-del-recorrido,6,areas/pedagogia/_index.md,/areas/pedagogia/,Pedagogía,section,areas,0,navegacion,conservar-como-navegacion,,,debil,0,debil,0,sin-alerta-automatica,,aprendizaje-y-evaluacion-del-proceso,false,false,sin-visual,evaluar-si-necesita-portada,sin-featured-local,false,0,0,0,0,,sin-interaccion-obligatoria,Ninguna,0,0,agregar-summary|vincular-orientaciones|vincular-guia-por-audiencia
L5-navegacion-y-material-fuera-del-recorrido,6,formacion-docente/_index.md,/formacion-docente/,Formación docente,section,formacion-docente,180,navegacion,conservar-como-navegacion,,,debil,1,parcial,5,revision-dirigida,correspondencia-samr-bloom-por-revisar,agenciamiento-y-cocreacion|aprendizaje-y-evaluacion-del-proceso|diseno-activo-hibrido|decision-institucional-y-tecnologia,false,false,solo-imagen-de-portada,rediseñar-como-identidad-de-seccion,portada-generica-de-seccion,true,0,0,0,0,,sin-interaccion-obligatoria,Ninguna,12,0,vincular-orientaciones|vincular-guia-por-audiencia
L5-navegacion-y-material-fuera-del-recorrido,6,ia-educacion/rutas/_index.md,/ia-educacion/rutas/,Rutas por responsabilidad,section,ia-educacion,247,navegacion,conservar-como-navegacion,,,debil,1,parcial,4,revision-dirigida,autoria-o-responsabilidad-de-la-ia-por-revisar,verificacion-y-fuentes|agenciamiento-y-cocreacion|aprendizaje-y-evaluacion-del-proceso|etica-contexto-y-cuidados|diseno-activo-hibrido|decision-institucional-y-tecnologia,false,false,sin-visual,evaluar-si-necesita-portada,sin-featured-local,false,0,0,0,0,,sin-interaccion-obligatoria,Ninguna,6,0,vincular-orientaciones|vincular-guia-por-audiencia
L5-navegacion-y-material-fuera-del-recorrido,6,licencia/index.md,/licencia/,Licencia del sitio,page,licencia,473,fuera-del-recorrido-inicial,no-incorporar-al-curso,,,debil,1,parcial,4,revision-dirigida,autoria-o-responsabilidad-de-la-ia-por-revisar,verificacion-y-fuentes|aprendizaje-y-evaluacion-del-proceso|etica-contexto-y-cuidados|decision-institucional-y-tecnologia,false,false,visual-explicativo-candidato,no-requiere-portada-adicional,sin-featured-local,false,0,0,3,0,,sin-interaccion-obligatoria,Ninguna,1,1,vincular-orientaciones|vincular-guia-por-audiencia
L5-navegacion-y-material-fuera-del-recorrido,4,actividades/_index.md,/actividades/,Actividades,section,actividades,43,navegacion,conservar-como-navegacion,,,parcial,2,debil,1,sin-alerta-automatica,,agenciamiento-y-cocreacion|etica-contexto-y-cuidados|diseno-activo-hibrido,false,false,solo-imagen-de-portada,rediseñar-como-identidad-de-seccion,portada-generica-de-seccion,true,0,0,0,0,,sin-interaccion-obligatoria,Ninguna,0,0,agregar-summary|vincular-orientaciones|vincular-guia-por-audiencia
L5-navegacion-y-material-fuera-del-recorrido,4,blog/_index.md,/blog/,Blog,section,blog,308,navegacion,conservar-como-navegacion,,,debil,0,parcial,4,sin-alerta-automatica,,verificacion-y-fuentes|agenciamiento-y-cocreacion|aprendizaje-y-evaluacion-del-proceso|etica-contexto-y-cuidados|decision-institucional-y-tecnologia,false,false,sin-visual,evaluar-si-necesita-portada,sin-featured-local,false,0,0,0,0,,sin-interaccion-obligatoria,Ninguna,6,0,vincular-orientaciones|vincular-guia-por-audiencia
L5-navegacion-y-material-fuera-del-recorrido,4,ia-educacion/_index.md,/ia-educacion/,IA en educación,section,ia-educacion,113,navegacion,conservar-como-navegacion,,,parcial,2,parcial,5,revision-dirigida,autoria-o-responsabilidad-de-la-ia-por-revisar,agenciamiento-y-cocreacion|aprendizaje-y-evaluacion-del-proceso|etica-contexto-y-cuidados|diseno-activo-hibrido|decision-institucional-y-tecnologia,false,false,solo-imagen-de-portada,rediseñar-como-identidad-de-seccion,portada-generica-de-seccion,true,0,0,0,0,,sin-interaccion-obligatoria,Ninguna,10,1,vincular-orientaciones|vincular-guia-por-audiencia
L5-navegacion-y-material-fuera-del-recorrido,4,ia-educacion/etica-y-transparencia/_index.md,/ia-educacion/etica-y-transparencia/,Ética y transparencia en el uso de IA,section,ia-educacion,514,navegacion,conservar-como-navegacion,,,debil,1,parcial,5,sin-alerta-automatica,,verificacion-y-fuentes|agenciamiento-y-cocreacion|aprendizaje-y-evaluacion-del-proceso|etica-contexto-y-cuidados|decision-institucional-y-tecnologia,false,false,solo-imagen-de-portada,rediseñar-como-identidad-de-seccion,portada-generica-de-seccion,true,0,0,0,0,,sin-interaccion-obligatoria,Ninguna,19,0,vincular-orientaciones|vincular-guia-por-audiencia
L5-navegacion-y-material-fuera-del-recorrido,4,ia-educacion/guias/_index.md,/ia-educacion/guias/,Guías prácticas de IA,section,ia-educacion,221,navegacion,conservar-como-navegacion,,,debil,1,parcial,5,sin-alerta-automatica,,verificacion-y-fuentes|agenciamiento-y-cocreacion|aprendizaje-y-evaluacion-del-proceso|etica-contexto-y-cuidados|diseno-activo-hibrido,false,false,solo-imagen-de-portada,rediseñar-como-identidad-de-seccion,portada-generica-de-seccion,true,0,0,0,0,,sin-interaccion-obligatoria,Ninguna,7,0,vincular-orientaciones|vincular-guia-por-audiencia
L5-navegacion-y-material-fuera-del-recorrido,4,ia-educacion/integracion-curricular/_index.md,/ia-educacion/integracion-curricular/,Integración curricular,section,ia-educacion,238,navegacion,conservar-como-navegacion,,,debil,1,parcial,5,sin-alerta-automatica,,agenciamiento-y-cocreacion|aprendizaje-y-evaluacion-del-proceso|diseno-activo-hibrido|decision-institucional-y-tecnologia,false,false,solo-imagen-de-portada,rediseñar-como-identidad-de-seccion,portada-generica-de-seccion,true,0,0,0,0,,sin-interaccion-obligatoria,Ninguna,2,1,vincular-orientaciones|vincular-guia-por-audiencia
L5-navegacion-y-material-fuera-del-recorrido,4,laboratorio/h5p-runtime/index.md,/laboratorio/h5p-runtime/,Laboratorio técnico del runtime H5P,page,laboratorio,226,fuera-del-recorrido-inicial,conservar-como-entorno-o-demostracion,,,debil,1,parcial,4,sin-alerta-automatica,,verificacion-y-fuentes|etica-contexto-y-cuidados|diseno-activo-hibrido,false,false,sin-visual,evaluar-si-necesita-portada,sin-featured-local,false,0,0,0,0,runtime-probe|runtime-probe,auditar-y-mediar-h5p-existente,H5P ya gobernado,0,0,crear-enlaces-de-continuidad|vincular-orientaciones|vincular-guia-por-audiencia
L5-navegacion-y-material-fuera-del-recorrido,4,laboratorio/integracion-ia/_index.md,/laboratorio/integracion-ia/,Integración de IA en los aprendizajes,section,laboratorio,206,navegacion,conservar-como-navegacion,,,debil,1,parcial,4,sin-alerta-automatica,,verificacion-y-fuentes|agenciamiento-y-cocreacion|aprendizaje-y-evaluacion-del-proceso|etica-contexto-y-cuidados|decision-institucional-y-tecnologia,false,false,solo-imagen-de-portada,rediseñar-como-identidad-de-seccion,portada-generica-de-seccion,true,0,0,0,0,,sin-interaccion-obligatoria,Ninguna,1,0,vincular-orientaciones|vincular-guia-por-audiencia
L5-navegacion-y-material-fuera-del-recorrido,4,observatorio/_index.md,/observatorio/,Observatorio de IA y pedagogía digital,section,observatorio,156,navegacion,conservar-como-navegacion,,,debil,1,parcial,3,sin-alerta-automatica,,verificacion-y-fuentes|etica-contexto-y-cuidados,false,false,solo-imagen-de-portada,rediseñar-como-identidad-de-seccion,portada-generica-de-seccion,true,0,0,0,0,,sin-interaccion-obligatoria,Ninguna,3,0,vincular-orientaciones|vincular-guia-por-audiencia
L5-navegacion-y-material-fuera-del-recorrido,4,observatorio/documentacion/_index.md,/observatorio/documentacion/,Documentación y seguimiento,section,observatorio,166,navegacion,conservar-como-navegacion,,,debil,1,parcial,5,sin-alerta-automatica,,verificacion-y-fuentes|aprendizaje-y-evaluacion-del-proceso|etica-contexto-y-cuidados|diseno-activo-hibrido,false,false,solo-imagen-de-portada,rediseñar-como-identidad-de-seccion,portada-generica-de-seccion,true,0,0,0,0,,sin-interaccion-obligatoria,Ninguna,2,1,vincular-orientaciones|vincular-guia-por-audiencia
L5-navegacion-y-material-fuera-del-recorrido,4,observatorio/guias/_index.md,/observatorio/guias/,Guías metodológicas,section,observatorio,155,navegacion,conservar-como-navegacion,,,debil,0,parcial,4,sin-alerta-automatica,,agenciamiento-y-cocreacion|aprendizaje-y-evaluacion-del-proceso|etica-contexto-y-cuidados|decision-institucional-y-tecnologia,false,false,solo-imagen-de-portada,rediseñar-como-identidad-de-seccion,portada-generica-de-seccion,true,0,0,0,0,,sin-interaccion-obligatoria,Ninguna,1,0,vincular-orientaciones|vincular-guia-por-audiencia
L5-navegacion-y-material-fuera-del-recorrido,4,recursos/_index.md,/recursos/,Recursos y herramientas,section,recursos,164,navegacion,conservar-como-navegacion,,,debil,1,parcial,5,sin-alerta-automatica,,agenciamiento-y-cocreacion|aprendizaje-y-evaluacion-del-proceso|etica-contexto-y-cuidados|decision-institucional-y-tecnologia,false,false,solo-imagen-de-portada,rediseñar-como-identidad-de-seccion,portada-generica-de-seccion,true,0,0,0,0,,sin-interaccion-obligatoria,Ninguna,7,0,vincular-orientaciones|vincular-guia-por-audiencia
L5-navegacion-y-material-fuera-del-recorrido,4,recursos/links/_index.md,/recursos/links/,Recursos externos seleccionados,section,recursos,346,navegacion,conservar-como-navegacion,,,parcial,2,parcial,4,revision-dirigida,autoria-o-responsabilidad-de-la-ia-por-revisar,verificacion-y-fuentes|agenciamiento-y-cocreacion|aprendizaje-y-evaluacion-del-proceso|etica-contexto-y-cuidados|decision-institucional-y-tecnologia,false,false,solo-imagen-de-portada,rediseñar-como-identidad-de-seccion,portada-generica-de-seccion,true,0,0,0,0,,sin-interaccion-obligatoria,Ninguna,5,0,vincular-orientaciones|vincular-guia-por-audiencia
L5-navegacion-y-material-fuera-del-recorrido,4,recursos/videos/_index.md,/recursos/videos/,Videos y cursos abiertos,section,recursos,260,navegacion,conservar-como-navegacion,,,debil,0,parcial,4,sin-alerta-automatica,,verificacion-y-fuentes|etica-contexto-y-cuidados,false,false,solo-imagen-de-portada,rediseñar-como-identidad-de-seccion,portada-generica-de-seccion,true,0,0,0,0,,sin-interaccion-obligatoria,Ninguna,6,0,vincular-orientaciones|vincular-guia-por-audiencia
L5-navegacion-y-material-fuera-del-recorrido,3,about.md,/about/,Acerca del proyecto,page,about.md,660,fuera-del-recorrido-inicial,no-incorporar-al-curso,,,debil,1,parcial,6,sin-alerta-automatica,,verificacion-y-fuentes|agenciamiento-y-cocreacion|aprendizaje-y-evaluacion-del-proceso|etica-contexto-y-cuidados|diseno-activo-hibrido|decision-institucional-y-tecnologia,false,false,sin-visual,evaluar-si-necesita-portada,sin-featured-local,false,0,0,0,0,,sin-interaccion-obligatoria,Ninguna,9,9,vincular-orientaciones|vincular-guia-por-audiencia
L5-navegacion-y-material-fuera-del-recorrido,3,ia-educacion/productos-de-aprendizaje/_index.md,/ia-educacion/productos-de-aprendizaje/,Productos de aprendizaje con IAG,section,ia-educacion,385,navegacion,conservar-como-navegacion,,,parcial,3,parcial,6,revision-dirigida,bloom-como-jerarquia-o-secuencia,agenciamiento-y-cocreacion|aprendizaje-y-evaluacion-del-proceso|diseno-activo-hibrido,false,false,solo-imagen-de-portada,rediseñar-como-identidad-de-seccion,portada-generica-de-seccion,true,0,0,0,0,,sin-interaccion-obligatoria,Ninguna,5,0,vincular-orientaciones|vincular-guia-por-audiencia
L5-navegacion-y-material-fuera-del-recorrido,2,ia-educacion/practicas/_index.md,/ia-educacion/practicas/,Prácticas con IA,section,ia-educacion,354,navegacion,conservar-como-navegacion,,,parcial,3,parcial,5,sin-alerta-automatica,,verificacion-y-fuentes|agenciamiento-y-cocreacion|aprendizaje-y-evaluacion-del-proceso|etica-contexto-y-cuidados|diseno-activo-hibrido,false,false,sin-visual,evaluar-si-necesita-portada,sin-featured-local,false,0,0,0,0,,sin-interaccion-obligatoria,Ninguna,4,0,vincular-orientaciones|vincular-guia-por-audiencia
L5-navegacion-y-material-fuera-del-recorrido,2,ia-educacion/tendencias/_index.md,/ia-educacion/tendencias/,Tendencias y políticas,section,ia-educacion,217,navegacion,conservar-como-navegacion,,,parcial,2,parcial,4,sin-alerta-automatica,,agenciamiento-y-cocreacion|aprendizaje-y-evaluacion-del-proceso|etica-contexto-y-cuidados|diseno-activo-hibrido|decision-institucional-y-tecnologia,false,false,solo-imagen-de-portada,rediseñar-como-identidad-de-seccion,portada-generica-de-seccion,true,0,0,0,0,,sin-interaccion-obligatoria,Ninguna,2,0,vincular-orientaciones|vincular-guia-por-audiencia
L5-navegacion-y-material-fuera-del-recorrido,2,laboratorio/_index.md,/laboratorio/,Laboratorio de innovación docente,section,laboratorio,164,navegacion,conservar-como-navegacion,,,parcial,2,parcial,5,sin-alerta-automatica,,agenciamiento-y-cocreacion|aprendizaje-y-evaluacion-del-proceso|etica-contexto-y-cuidados|diseno-activo-hibrido,false,false,solo-imagen-de-portada,rediseñar-como-identidad-de-seccion,portada-generica-de-seccion,true,0,0,0,0,,sin-interaccion-obligatoria,Ninguna,3,1,vincular-orientaciones|vincular-guia-por-audiencia
L5-navegacion-y-material-fuera-del-recorrido,2,laboratorio/integracion-ia/flujos-trabajo-docente-ia/index.md,/laboratorio/integracion-ia/flujos-trabajo-docente-ia/,Sigue uno de tres flujos docentes con IA y marca dónde decides tú,page,laboratorio,1323,fuera-del-recorrido-inicial,conservar-como-entorno-o-demostracion,,,parcial,4,robusto-candidato,8,revision-dirigida,deteccion-de-ia-requiere-mediacion|autoria-o-responsabilidad-de-la-ia-por-revisar,verificacion-y-fuentes|agenciamiento-y-cocreacion|aprendizaje-y-evaluacion-del-proceso|etica-contexto-y-cuidados|diseno-activo-hibrido|decision-institucional-y-tecnologia,false,false,visual-explicativo-candidato,reencuadrar-o-sustituir-tras-lectura,ilustracion-mixta,true,0,0,0,0,,sin-interaccion-obligatoria,Ninguna,8,8,vincular-orientaciones|vincular-guia-por-audiencia
L5-navegacion-y-material-fuera-del-recorrido,2,laboratorio/practicas/_index.md,/laboratorio/practicas/,Prácticas pedagógicas,section,laboratorio,395,navegacion,conservar-como-navegacion,,,parcial,2,parcial,5,sin-alerta-automatica,,verificacion-y-fuentes|agenciamiento-y-cocreacion|aprendizaje-y-evaluacion-del-proceso|etica-contexto-y-cuidados|diseno-activo-hibrido,false,false,solo-imagen-de-portada,rediseñar-como-identidad-de-seccion,portada-generica-de-seccion,true,0,0,0,0,,sin-interaccion-obligatoria,Ninguna,6,1,vincular-orientaciones|vincular-guia-por-audiencia
L5-navegacion-y-material-fuera-del-recorrido,2,observatorio/estudios/_index.md,/observatorio/estudios/,"Estudios, encuestas y hallazgos",section,observatorio,377,navegacion,conservar-como-navegacion,,,parcial,2,parcial,3,sin-alerta-automatica,,verificacion-y-fuentes|aprendizaje-y-evaluacion-del-proceso|etica-contexto-y-cuidados|decision-institucional-y-tecnologia,false,false,solo-imagen-de-portada,rediseñar-como-identidad-de-seccion,portada-generica-de-seccion,true,0,0,0,0,,sin-interaccion-obligatoria,Ninguna,4,0,vincular-orientaciones|vincular-guia-por-audiencia
L5-navegacion-y-material-fuera-del-recorrido,2,recursos/articulos/_index.md,/recursos/articulos/,Artículos y documentos,section,recursos,357,navegacion,conservar-como-navegacion,,,parcial,2,parcial,3,sin-alerta-automatica,,verificacion-y-fuentes|agenciamiento-y-cocreacion|aprendizaje-y-evaluacion-del-proceso|etica-contexto-y-cuidados|decision-institucional-y-tecnologia,false,false,solo-imagen-de-portada,rediseñar-como-identidad-de-seccion,portada-generica-de-seccion,true,0,0,0,0,,sin-interaccion-obligatoria,Ninguna,5,0,vincular-orientaciones|vincular-guia-por-audiencia
L5-navegacion-y-material-fuera-del-recorrido,1,formacion-docente/diseno-inverso-cocreacion-ia/_index.md,/formacion-docente/diseno-inverso-cocreacion-ia/,Diseño inverso y cocreación con IA,section,formacion-docente,567,navegacion,revisar-en-fase-editorial,,profesorado,parcial,3,robusto-candidato,7,sin-alerta-automatica,,verificacion-y-fuentes|agenciamiento-y-cocreacion|aprendizaje-y-evaluacion-del-proceso|etica-contexto-y-cuidados|diseno-activo-hibrido,false,false,solo-imagen-de-portada,rediseñar-como-identidad-de-seccion,portada-generica-de-seccion,true,0,0,0,0,,sin-interaccion-obligatoria,Ninguna,20,1,vincular-orientaciones|vincular-guia-por-audiencia
L5-navegacion-y-material-fuera-del-recorrido,0,ia-educacion/que-es-la-educacion-digital/index.md,/ia-educacion/que-es-la-educacion-digital/,¿Qué es la educación digital?,page,ia-educacion,2162,fuera-del-recorrido-inicial,no-incorporar-al-curso,,,parcial,4,robusto-candidato,8,sin-alerta-automatica,,agenciamiento-y-cocreacion|aprendizaje-y-evaluacion-del-proceso|etica-contexto-y-cuidados|diseno-activo-hibrido|decision-institucional-y-tecnologia,false,false,visual-explicativo-candidato,conservar-como-referencia,editorial-situada-o-conceptual-especifica,true,0,0,1,0,,sin-interaccion-obligatoria,Ninguna,0,0,crear-enlaces-de-continuidad|vincular-orientaciones|vincular-guia-por-audiencia
