lot,priority_score,path,route,title,kind,section,words,course_role,course_action,modules,audience_routes,narrative_status,narrative_signals,didactic_status,didactic_signals,consistency_band,review_flags,orientation_relations,explicit_orientation_reference,explicit_guide_reference,visual_status,visual_decision,visual_family,featured,svg_assets,accessible_svg,inline_images,missing_alt,current_h5p,interaction_candidate,interaction_technology,internal_links,cross_section_links,organization_needs
L1-nucleo-riesgos-y-solapamientos,15,formacion-docente/aprendizaje-activo/index.md,/formacion-docente/aprendizaje-activo/,Aprendizaje activo: estrategias y técnicas,page,formacion-docente,932,nucleo-candidato,reescribir-antes-de-enlazar,M5,profesorado,debil,0,parcial,4,revision-prioritaria,correspondencia-samr-bloom-por-revisar,aprendizaje-y-evaluacion-del-proceso|etica-contexto-y-cuidados|diseno-activo-hibrido|decision-institucional-y-tecnologia,false,false,visual-explicativo-candidato,revisar-para-sustitucion-prioritaria,cgi-infografia-o-ilustracion-heredada,true,0,0,1,0,,escenario-de-decision-con-consecuencias,H5P.BranchingScenario o alternativa HTML accesible,0,0,crear-enlaces-de-continuidad|conectar-entre-secciones|vincular-orientaciones|vincular-guia-por-audiencia
L1-nucleo-riesgos-y-solapamientos,14,ia-educacion/integracion-curricular/ia-aprendizaje-hibrido/index.md,/ia-educacion/integracion-curricular/ia-aprendizaje-hibrido/,IA en el aprendizaje híbrido y activo,page,ia-educacion,785,referencia-en-cuarentena,reescribir-antes-de-enlazar,M5,profesorado,debil,1,robusto-candidato,8,revision-prioritaria,correspondencia-samr-bloom-por-revisar|interactividad-con-chat-por-justificar|deteccion-de-ia-requiere-mediacion,agenciamiento-y-cocreacion|aprendizaje-y-evaluacion-del-proceso|etica-contexto-y-cuidados|diseno-activo-hibrido|decision-institucional-y-tecnologia,false,false,solo-imagen-de-portada,revisar-para-sustitucion-prioritaria,cgi-infografia-o-ilustracion-heredada,true,0,0,0,0,,escenario-de-decision-con-consecuencias,H5P.BranchingScenario o alternativa HTML accesible,0,0,crear-enlaces-de-continuidad|vincular-orientaciones|vincular-guia-por-audiencia
L1-nucleo-riesgos-y-solapamientos,14,recursos/glosario/taxonomia-de-bloom/index.md,/recursos/glosario/taxonomia-de-bloom/,Taxonomía de Bloom,page,recursos,254,referencia-en-cuarentena,fusionar-o-desduplicar,M5,profesorado,debil,0,parcial,4,revision-prioritaria,bloom-como-jerarquia-o-secuencia,agenciamiento-y-cocreacion|aprendizaje-y-evaluacion-del-proceso|diseno-activo-hibrido,false,false,visual-explicativo-candidato,sustituir-por-sistema-de-iconos-o-retirar,neon-tecnologico-generico,true,0,0,0,0,,sin-interaccion-obligatoria,Ninguna,2,1,agregar-description|vincular-orientaciones|vincular-guia-por-audiencia
L1-nucleo-riesgos-y-solapamientos,13,formacion-docente/alfabetizacion-co-creacion/index.md,/formacion-docente/alfabetizacion-co-creacion/,Principios de la alfabetización para la co-creación con inteligencia artificial,page,formacion-docente,761,apoyo-candidato,fusionar-o-desduplicar,M3,comun,debil,0,parcial,4,revision-prioritaria,deteccion-de-ia-requiere-mediacion,verificacion-y-fuentes|agenciamiento-y-cocreacion|aprendizaje-y-evaluacion-del-proceso|etica-contexto-y-cuidados,false,false,solo-imagen-de-portada,reencuadrar-o-sustituir-tras-lectura,ilustracion-mixta,true,0,0,0,0,direccion-epistemica-hotspots,auditar-y-mediar-h5p-existente,H5P ya gobernado,4,1,vincular-orientaciones|vincular-guia-por-audiencia
L1-nucleo-riesgos-y-solapamientos,13,formacion-docente/aprendizaje-hibrido/index.md,/formacion-docente/aprendizaje-hibrido/,Aprendizaje híbrido (blended learning),page,formacion-docente,828,nucleo-candidato,reescribir-antes-de-enlazar,M5,profesorado,debil,0,parcial,5,revision-prioritaria,,aprendizaje-y-evaluacion-del-proceso|etica-contexto-y-cuidados|diseno-activo-hibrido|decision-institucional-y-tecnologia,false,false,visual-explicativo-candidato,revisar-para-sustitucion-prioritaria,cgi-infografia-o-ilustracion-heredada,true,0,0,1,0,,comparador-de-versiones,H5P.ImageSlider o comparador HTML,0,0,crear-enlaces-de-continuidad|conectar-entre-secciones|vincular-orientaciones|vincular-guia-por-audiencia
L1-nucleo-riesgos-y-solapamientos,13,formacion-docente/modelos-samr-icap/index.md,/formacion-docente/modelos-samr-icap/,Modelos SAMR e ICAP para la integración tecnológica,page,formacion-docente,947,nucleo-candidato,reescribir-antes-de-enlazar,M5,profesorado,parcial,2,parcial,3,revision-prioritaria,correspondencia-samr-bloom-por-revisar,aprendizaje-y-evaluacion-del-proceso|etica-contexto-y-cuidados|diseno-activo-hibrido|decision-institucional-y-tecnologia,false,false,visual-explicativo-candidato,revisar-para-sustitucion-prioritaria,cgi-infografia-o-ilustracion-heredada,true,0,0,2,0,,comparador-de-versiones,H5P.ImageSlider o comparador HTML,0,0,crear-enlaces-de-continuidad|conectar-entre-secciones|vincular-orientaciones|vincular-guia-por-audiencia
L1-nucleo-riesgos-y-solapamientos,12,formacion-docente/taxonomia-bloom-diseno-inverso/index.md,/formacion-docente/taxonomia-bloom-diseno-inverso/,Taxonomía de Bloom y diseño inverso de aprendizajes,page,formacion-docente,949,nucleo-candidato,reescribir-antes-de-enlazar,M5,profesorado,parcial,2,parcial,6,revision-prioritaria,correspondencia-samr-bloom-por-revisar,verificacion-y-fuentes|agenciamiento-y-cocreacion|aprendizaje-y-evaluacion-del-proceso|etica-contexto-y-cuidados|diseno-activo-hibrido|decision-institucional-y-tecnologia,false,false,visual-explicativo-candidato,revisar-para-sustitucion-prioritaria,cgi-infografia-o-ilustracion-heredada,true,0,0,2,0,objetivos-bloom-udgplus,auditar-y-mediar-h5p-existente,H5P ya gobernado,0,0,crear-enlaces-de-continuidad|conectar-entre-secciones|vincular-orientaciones|vincular-guia-por-audiencia
L1-nucleo-riesgos-y-solapamientos,10,formacion-docente/alfabetizacion-agenciamiento-ia/index.md,/formacion-docente/alfabetizacion-agenciamiento-ia/,Alfabetización en co-creación: aprender a co-producir con IA,page,formacion-docente,1998,apoyo-candidato,fusionar-o-desduplicar,M3,comun,parcial,3,parcial,5,revision-prioritaria,deteccion-de-ia-requiere-mediacion,verificacion-y-fuentes|agenciamiento-y-cocreacion|aprendizaje-y-evaluacion-del-proceso|etica-contexto-y-cuidados|diseno-activo-hibrido|decision-institucional-y-tecnologia,false,false,visual-explicativo-candidato,reencuadrar-o-sustituir-tras-lectura,ilustracion-mixta,true,0,0,0,0,cocreacion-evaluacion-recorrido,auditar-y-mediar-h5p-existente,H5P ya gobernado,11,7,vincular-orientaciones|vincular-guia-por-audiencia
L1-nucleo-riesgos-y-solapamientos,10,formacion-docente/pensamiento-critico-ia-generativa/index.md,/formacion-docente/pensamiento-critico-ia-generativa/,Pensamiento crítico ante la IA generativa,page,formacion-docente,993,nucleo-candidato,reutilizar-con-ajustes,M1,comun,debil,0,parcial,4,sin-alerta-automatica,,verificacion-y-fuentes|agenciamiento-y-cocreacion|aprendizaje-y-evaluacion-del-proceso|etica-contexto-y-cuidados,false,false,solo-imagen-de-portada,reencuadrar-o-sustituir-tras-lectura,ilustracion-mixta,true,0,0,0,0,,escenario-de-decision-con-consecuencias,H5P.BranchingScenario o alternativa HTML accesible,5,5,vincular-orientaciones|vincular-guia-por-audiencia
L1-nucleo-riesgos-y-solapamientos,10,ia-educacion/etica-y-transparencia/alfabetizacion-critica-ia/index.md,/ia-educacion/etica-y-transparencia/alfabetizacion-critica-ia/,Principios de la alfabetización crítica en inteligencia artificial,page,ia-educacion,666,nucleo-candidato,reutilizar-con-ajustes,M2,comun,debil,0,parcial,4,sin-alerta-automatica,,verificacion-y-fuentes|agenciamiento-y-cocreacion|aprendizaje-y-evaluacion-del-proceso|etica-contexto-y-cuidados|decision-institucional-y-tecnologia,false,false,solo-imagen-de-portada,revisar-para-sustitucion-prioritaria,cgi-infografia-o-ilustracion-heredada,true,0,0,0,0,,escenario-de-decision-con-consecuencias,H5P.BranchingScenario o alternativa HTML accesible,3,3,vincular-orientaciones|vincular-guia-por-audiencia
L1-nucleo-riesgos-y-solapamientos,9,formacion-docente/taller-diseno-actividades-ia-backward/index.md,/formacion-docente/taller-diseno-actividades-ia-backward/,Taller: Diseño de actividades con IA (backward design),page,formacion-docente,1268,nucleo-candidato,reutilizar-con-ajustes,M5,profesorado,parcial,3,robusto-candidato,7,revision-dirigida,autoria-o-responsabilidad-de-la-ia-por-revisar,agenciamiento-y-cocreacion|aprendizaje-y-evaluacion-del-proceso|etica-contexto-y-cuidados|diseno-activo-hibrido|decision-institucional-y-tecnologia,false,false,solo-imagen-de-portada,reencuadrar-o-sustituir-tras-lectura,ilustracion-mixta,true,0,0,0,0,,escenario-de-decision-con-consecuencias,H5P.BranchingScenario o alternativa HTML accesible,8,6,vincular-orientaciones|vincular-guia-por-audiencia
L1-nucleo-riesgos-y-solapamientos,9,ia-educacion/guias/agenciamiento-humano-ia/index.md,/ia-educacion/guias/agenciamiento-humano-ia/,El agenciamiento (ensamblaje) persona-IA — marco conceptual para docentes,page,ia-educacion,1730,nucleo-candidato,reescribir-antes-de-enlazar,M3,comun,parcial,4,parcial,6,revision-prioritaria,,verificacion-y-fuentes|agenciamiento-y-cocreacion|aprendizaje-y-evaluacion-del-proceso|etica-contexto-y-cuidados|diseno-activo-hibrido|decision-institucional-y-tecnologia,false,false,figura-gobernada,revisar-para-sustitucion-prioritaria,cgi-infografia-o-ilustracion-heredada,true,2,2,0,0,direccion-epistemica-decidir-reformular|cocreacion-conceptos-cards,auditar-y-mediar-h5p-existente,H5P ya gobernado,6,0,conectar-entre-secciones|vincular-orientaciones|vincular-guia-por-audiencia
L1-nucleo-riesgos-y-solapamientos,9,recursos/glosario/aprendizaje-activo/index.md,/recursos/glosario/aprendizaje-activo/,Aprendizaje activo,page,recursos,112,referencia-opcional,fusionar-o-desduplicar,M5,profesorado,debil,1,debil,2,revision-prioritaria,,aprendizaje-y-evaluacion-del-proceso|diseno-activo-hibrido,false,false,solo-imagen-de-portada,sustituir-por-sistema-de-iconos-o-retirar,neon-tecnologico-generico,true,0,0,0,0,,sin-interaccion-obligatoria,Ninguna,1,1,agregar-description|vincular-orientaciones|vincular-guia-por-audiencia
L1-nucleo-riesgos-y-solapamientos,9,recursos/glosario/aprendizaje-hibrido/index.md,/recursos/glosario/aprendizaje-hibrido/,Aprendizaje híbrido,page,recursos,100,referencia-opcional,fusionar-o-desduplicar,M5,profesorado,debil,1,debil,2,revision-prioritaria,,aprendizaje-y-evaluacion-del-proceso|diseno-activo-hibrido|decision-institucional-y-tecnologia,false,false,solo-imagen-de-portada,sustituir-por-sistema-de-iconos-o-retirar,neon-tecnologico-generico,true,0,0,0,0,,sin-interaccion-obligatoria,Ninguna,3,1,agregar-description|vincular-orientaciones|vincular-guia-por-audiencia
L1-nucleo-riesgos-y-solapamientos,6,ia-educacion/constelaciones/cocreacion-evaluacion/index.md,/ia-educacion/constelaciones/empezar-con-ia/,Empezar con IA para aprender y enseñar,page,ia-educacion,1013,nucleo-candidato,reutilizar-con-ajustes,M3,comun,parcial,3,robusto-candidato,7,sin-alerta-automatica,,verificacion-y-fuentes|agenciamiento-y-cocreacion|aprendizaje-y-evaluacion-del-proceso|etica-contexto-y-cuidados|diseno-activo-hibrido|decision-institucional-y-tecnologia,false,false,visual-explicativo-candidato,conservar-como-referencia,editorial-situada-o-conceptual-especifica,true,0,0,0,0,,escenario-de-decision-con-consecuencias,H5P.BranchingScenario o alternativa HTML accesible,7,4,vincular-orientaciones|vincular-guia-por-audiencia
L2-apoyos-y-practicas,10,formacion-docente/alfabetizacion-operativa/index.md,/formacion-docente/alfabetizacion-operativa/,Principios de la alfabetización operativa en inteligencia artificial,page,formacion-docente,503,apoyo-candidato,revisar-en-fase-editorial,M5,profesorado,debil,1,parcial,5,revision-dirigida,deteccion-de-ia-requiere-mediacion,verificacion-y-fuentes|agenciamiento-y-cocreacion|aprendizaje-y-evaluacion-del-proceso|etica-contexto-y-cuidados|diseno-activo-hibrido|decision-institucional-y-tecnologia,false,false,solo-imagen-de-portada,reencuadrar-o-sustituir-tras-lectura,ilustracion-mixta,true,0,0,0,0,,escenario-de-decision-con-consecuencias,H5P.BranchingScenario o alternativa HTML accesible,5,2,vincular-orientaciones|vincular-guia-por-audiencia
L2-apoyos-y-practicas,10,formacion-docente/competencias-digitales-ia-estudiantes/index.md,/formacion-docente/competencias-digitales-ia-estudiantes/,Competencias digitales con IA para estudiantes,page,formacion-docente,929,apoyo-candidato,revisar-en-fase-editorial,M5,profesorado,debil,1,parcial,5,revision-dirigida,autoria-o-responsabilidad-de-la-ia-por-revisar,verificacion-y-fuentes|agenciamiento-y-cocreacion|aprendizaje-y-evaluacion-del-proceso|etica-contexto-y-cuidados,false,false,solo-imagen-de-portada,reencuadrar-o-sustituir-tras-lectura,ilustracion-mixta,true,0,0,0,0,,escenario-de-decision-con-consecuencias,H5P.BranchingScenario o alternativa HTML accesible,9,7,vincular-orientaciones|vincular-guia-por-audiencia
L2-apoyos-y-practicas,10,ia-educacion/etica-y-transparencia/lineamientos-unesco-ia-educacion/index.md,/ia-educacion/etica-y-transparencia/lineamientos-unesco-ia-educacion/,Síntesis de los lineamientos UNESCO para IA en educación,page,ia-educacion,864,apoyo-candidato,revisar-en-fase-editorial,M2|M4,comun,debil,0,parcial,4,revision-dirigida,bloom-como-jerarquia-o-secuencia,verificacion-y-fuentes|agenciamiento-y-cocreacion|aprendizaje-y-evaluacion-del-proceso|etica-contexto-y-cuidados|decision-institucional-y-tecnologia,false,false,solo-imagen-de-portada,reencuadrar-o-sustituir-tras-lectura,ilustracion-mixta,true,0,0,0,0,,escenario-de-decision-con-consecuencias,H5P.BranchingScenario o alternativa HTML accesible,6,3,vincular-orientaciones|vincular-guia-por-audiencia
L2-apoyos-y-practicas,9,formacion-docente/alfabetizacion/index.md,/formacion-docente/alfabetizacion/,Alfabetización digital,page,formacion-docente,1151,apoyo-candidato,revisar-en-fase-editorial,M5,profesorado,debil,0,parcial,5,revision-dirigida,deteccion-de-ia-requiere-mediacion,verificacion-y-fuentes|agenciamiento-y-cocreacion|aprendizaje-y-evaluacion-del-proceso|etica-contexto-y-cuidados|diseno-activo-hibrido,false,false,visual-explicativo-candidato,revisar-para-sustitucion-prioritaria,cgi-infografia-o-ilustracion-heredada,true,0,0,0,0,,escenario-de-decision-con-consecuencias,H5P.BranchingScenario o alternativa HTML accesible,14,7,vincular-orientaciones|vincular-guia-por-audiencia
L2-apoyos-y-practicas,9,formacion-docente/mapa-literacidades-ia/index.md,/formacion-docente/mapa-literacidades-ia/,Las tres literacidades en IA — mapa visual,page,formacion-docente,811,apoyo-candidato,revisar-en-fase-editorial,M5,profesorado,debil,1,parcial,5,revision-dirigida,deteccion-de-ia-requiere-mediacion,verificacion-y-fuentes|agenciamiento-y-cocreacion|aprendizaje-y-evaluacion-del-proceso|etica-contexto-y-cuidados|diseno-activo-hibrido,false,false,visual-explicativo-candidato,reencuadrar-o-sustituir-tras-lectura,ilustracion-mixta,true,0,0,0,0,,escenario-de-decision-con-consecuencias,H5P.BranchingScenario o alternativa HTML accesible,7,3,vincular-orientaciones|vincular-guia-por-audiencia
L2-apoyos-y-practicas,8,formacion-docente/formacion-continua/index.md,/formacion-docente/formacion-continua/,Formación continua,page,formacion-docente,359,apoyo-candidato,revisar-en-fase-editorial,M5,profesorado,debil,1,parcial,4,sin-alerta-automatica,,agenciamiento-y-cocreacion|aprendizaje-y-evaluacion-del-proceso|etica-contexto-y-cuidados|decision-institucional-y-tecnologia,false,false,solo-imagen-de-portada,revisar-para-sustitucion-prioritaria,cgi-infografia-o-ilustracion-heredada,true,0,0,0,0,,escenario-de-decision-con-consecuencias,H5P.BranchingScenario o alternativa HTML accesible,3,2,vincular-orientaciones|vincular-guia-por-audiencia
L2-apoyos-y-practicas,8,ia-educacion/etica-y-transparencia/marco-regulatorio-universidades-mexico/index.md,/ia-educacion/etica-y-transparencia/marco-regulatorio-universidades-mexico/,Marco regulatorio de IA en universidades mexicanas,page,ia-educacion,1001,apoyo-candidato,revisar-en-fase-editorial,M2|M4,comun,parcial,2,parcial,5,revision-dirigida,autoria-o-responsabilidad-de-la-ia-por-revisar,agenciamiento-y-cocreacion|aprendizaje-y-evaluacion-del-proceso|etica-contexto-y-cuidados|decision-institucional-y-tecnologia,false,false,solo-imagen-de-portada,reencuadrar-o-sustituir-tras-lectura,ilustracion-mixta,true,0,0,0,0,,escenario-de-decision-con-consecuencias,H5P.BranchingScenario o alternativa HTML accesible,5,2,vincular-orientaciones|vincular-guia-por-audiencia
L2-apoyos-y-practicas,8,ia-educacion/guias/integracion-curricular-ia/index.md,/ia-educacion/guias/integracion-curricular-ia/,Integración curricular de IA en programas existentes,page,ia-educacion,1270,apoyo-candidato,reutilizar-con-ajustes,M5,profesorado,parcial,2,parcial,5,revision-dirigida,autoria-o-responsabilidad-de-la-ia-por-revisar,verificacion-y-fuentes|agenciamiento-y-cocreacion|aprendizaje-y-evaluacion-del-proceso|etica-contexto-y-cuidados|decision-institucional-y-tecnologia,false,false,solo-imagen-de-portada,reencuadrar-o-sustituir-tras-lectura,ilustracion-mixta,true,0,0,0,0,,escenario-de-decision-con-consecuencias,H5P.BranchingScenario o alternativa HTML accesible,9,4,vincular-orientaciones|vincular-guia-por-audiencia
L2-apoyos-y-practicas,8,recursos/glosario/evaluacion-autentica/index.md,/recursos/glosario/evaluacion-autentica/,Evaluación auténtica,page,recursos,109,apoyo-candidato,reutilizar-con-ajustes,M5|M6,estudiantado|profesorado,debil,1,parcial,5,sin-alerta-automatica,,aprendizaje-y-evaluacion-del-proceso,false,false,solo-imagen-de-portada,sustituir-por-sistema-de-iconos-o-retirar,neon-tecnologico-generico,true,0,0,0,0,,sin-interaccion-obligatoria,Ninguna,1,1,agregar-description|vincular-orientaciones|vincular-guia-por-audiencia
L2-apoyos-y-practicas,7,formacion-docente/evaluacion-retroalimentacion/index.md,/formacion-docente/evaluacion-retroalimentacion/,Evaluación y retroalimentación en el aprendizaje activo,page,formacion-docente,728,apoyo-candidato,reutilizar-con-ajustes,M5|M6,profesorado,debil,1,parcial,6,sin-alerta-automatica,,verificacion-y-fuentes|agenciamiento-y-cocreacion|aprendizaje-y-evaluacion-del-proceso|etica-contexto-y-cuidados|diseno-activo-hibrido,false,false,solo-imagen-de-portada,revisar-para-sustitucion-prioritaria,cgi-infografia-o-ilustracion-heredada,true,0,0,0,0,,escenario-de-decision-con-consecuencias,H5P.BranchingScenario o alternativa HTML accesible,0,0,crear-enlaces-de-continuidad|conectar-entre-secciones|vincular-orientaciones|vincular-guia-por-audiencia
L2-apoyos-y-practicas,7,formacion-docente/transformacion-pedagogica-digital/index.md,/formacion-docente/transformacion-pedagogica-digital/,La transformación pedagógica y digital en la UdeG,page,formacion-docente,1008,apoyo-candidato,revisar-en-fase-editorial,M5,profesorado,parcial,3,parcial,3,revision-dirigida,correspondencia-samr-bloom-por-revisar,aprendizaje-y-evaluacion-del-proceso|etica-contexto-y-cuidados|diseno-activo-hibrido|decision-institucional-y-tecnologia,false,false,visual-explicativo-candidato,revisar-para-sustitucion-prioritaria,cgi-infografia-o-ilustracion-heredada,true,0,0,2,0,,comparador-de-versiones,H5P.ImageSlider o comparador HTML,7,1,vincular-orientaciones|vincular-guia-por-audiencia
L2-apoyos-y-practicas,7,laboratorio/practicas/analisis-critico-de-sesgos-en-ia/index.md,/laboratorio/practicas/analisis-critico-de-sesgos-en-ia/,Análisis crítico de sesgos en la IA,page,laboratorio,389,banco-de-practicas,revisar-contra-bloom-e-icap,M5|M6,profesorado,debil,1,parcial,5,sin-alerta-automatica,,agenciamiento-y-cocreacion|aprendizaje-y-evaluacion-del-proceso|etica-contexto-y-cuidados|diseno-activo-hibrido,false,false,solo-imagen-de-portada,revisar-para-sustitucion-prioritaria,cgi-infografia-o-ilustracion-heredada,true,0,0,0,0,,escenario-de-decision-con-consecuencias,H5P.BranchingScenario o alternativa HTML accesible,0,0,crear-enlaces-de-continuidad|conectar-entre-secciones|vincular-orientaciones|vincular-guia-por-audiencia
L2-apoyos-y-practicas,6,formacion-docente/redes/index.md,/formacion-docente/redes/,Redes y comunidades,page,formacion-docente,378,apoyo-candidato,revisar-en-fase-editorial,M5,profesorado,parcial,2,parcial,5,sin-alerta-automatica,,agenciamiento-y-cocreacion|aprendizaje-y-evaluacion-del-proceso|etica-contexto-y-cuidados|diseno-activo-hibrido|decision-institucional-y-tecnologia,false,false,solo-imagen-de-portada,revisar-para-sustitucion-prioritaria,cgi-infografia-o-ilustracion-heredada,true,0,0,0,0,,escenario-de-decision-con-consecuencias,H5P.BranchingScenario o alternativa HTML accesible,2,1,vincular-orientaciones|vincular-guia-por-audiencia
L2-apoyos-y-practicas,6,formacion-docente/syllabus-portafolio/index.md,/formacion-docente/syllabus-portafolio/,El syllabus y el portafolio de docencia,page,formacion-docente,897,apoyo-candidato,reutilizar-con-ajustes,M6,profesorado,debil,1,parcial,6,sin-alerta-automatica,,agenciamiento-y-cocreacion|aprendizaje-y-evaluacion-del-proceso|etica-contexto-y-cuidados|diseno-activo-hibrido|decision-institucional-y-tecnologia,false,false,visual-explicativo-candidato,revisar-para-sustitucion-prioritaria,cgi-infografia-o-ilustracion-heredada,true,0,0,1,0,,escenario-de-decision-con-consecuencias,H5P.BranchingScenario o alternativa HTML accesible,0,0,crear-enlaces-de-continuidad|conectar-entre-secciones|vincular-orientaciones|vincular-guia-por-audiencia
L2-apoyos-y-practicas,6,ia-educacion/etica-y-transparencia/marco-etico-ia-educacion-superior/index.md,/ia-educacion/etica-y-transparencia/marco-etico-ia-educacion-superior/,Cuatro criterios éticos para el uso de IA en educación superior,page,ia-educacion,2089,apoyo-candidato,reutilizar-con-ajustes,M2,comun,parcial,3,robusto-candidato,7,revision-dirigida,autoria-o-responsabilidad-de-la-ia-por-revisar,agenciamiento-y-cocreacion|aprendizaje-y-evaluacion-del-proceso|etica-contexto-y-cuidados|diseno-activo-hibrido|decision-institucional-y-tecnologia,false,false,visual-explicativo-candidato,reencuadrar-o-sustituir-tras-lectura,ilustracion-mixta,true,0,0,0,0,,escenario-de-decision-con-consecuencias,H5P.BranchingScenario o alternativa HTML accesible,0,0,crear-enlaces-de-continuidad|conectar-entre-secciones|vincular-orientaciones|vincular-guia-por-audiencia
L2-apoyos-y-practicas,6,ia-educacion/guias/aprendizaje-activo-con-ia/index.md,/ia-educacion/guias/aprendizaje-activo-con-ia/,Aprendizaje activo con IA — diseño y ejecución de actividades,page,ia-educacion,1192,banco-de-practicas,revisar-contra-bloom-e-icap,M5,profesorado,parcial,3,robusto-candidato,7,revision-dirigida,bloom-como-jerarquia-o-secuencia,agenciamiento-y-cocreacion|aprendizaje-y-evaluacion-del-proceso|etica-contexto-y-cuidados|diseno-activo-hibrido,false,false,figura-gobernada,revisar-para-sustitucion-prioritaria,cgi-infografia-o-ilustracion-heredada,true,2,2,0,0,,escenario-de-decision-con-consecuencias,H5P.BranchingScenario o alternativa HTML accesible,5,3,vincular-orientaciones|vincular-guia-por-audiencia
L2-apoyos-y-practicas,6,laboratorio/practicas/aprendizaje-activo-ia/index.md,/laboratorio/practicas/aprendizaje-activo-ia/,Aprendizaje activo con IA — actividades diseñadas y ejecutadas con IA,page,laboratorio,961,banco-de-practicas,revisar-contra-bloom-e-icap,M5|M6,profesorado,parcial,2,parcial,6,revision-dirigida,bloom-como-jerarquia-o-secuencia,agenciamiento-y-cocreacion|aprendizaje-y-evaluacion-del-proceso|etica-contexto-y-cuidados|diseno-activo-hibrido,false,false,solo-imagen-de-portada,revisar-para-sustitucion-prioritaria,cgi-infografia-o-ilustracion-heredada,true,0,0,0,0,,escenario-de-decision-con-consecuencias,H5P.BranchingScenario o alternativa HTML accesible,4,4,vincular-orientaciones|vincular-guia-por-audiencia
L2-apoyos-y-practicas,6,laboratorio/practicas/debate-socratico-con-ia/index.md,/laboratorio/practicas/debate-socratico-con-ia/,Debate socrático con IA como interlocutor,page,laboratorio,470,banco-de-practicas,revisar-contra-bloom-e-icap,M5|M6,profesorado,debil,1,robusto-candidato,7,sin-alerta-automatica,,agenciamiento-y-cocreacion|aprendizaje-y-evaluacion-del-proceso|etica-contexto-y-cuidados|diseno-activo-hibrido,false,false,solo-imagen-de-portada,revisar-para-sustitucion-prioritaria,cgi-infografia-o-ilustracion-heredada,true,0,0,0,0,,escenario-de-decision-con-consecuencias,H5P.BranchingScenario o alternativa HTML accesible,0,0,crear-enlaces-de-continuidad|conectar-entre-secciones|vincular-orientaciones|vincular-guia-por-audiencia
L2-apoyos-y-practicas,6,recursos/articulos/selwyn-limites-ia-educacion/index.md,/recursos/articulos/selwyn-limites-ia-educacion/,On the limits of artificial intelligence (AI) in education — Selwyn,page,recursos,363,apoyo-candidato,reutilizar-con-ajustes,M4,comun,parcial,2,parcial,3,sin-alerta-automatica,,agenciamiento-y-cocreacion|aprendizaje-y-evaluacion-del-proceso|etica-contexto-y-cuidados|decision-institucional-y-tecnologia,false,false,solo-imagen-de-portada,reencuadrar-o-sustituir-tras-lectura,ilustracion-mixta,true,0,0,0,0,,comparador-de-versiones,H5P.ImageSlider o comparador HTML,3,3,vincular-orientaciones|vincular-guia-por-audiencia
L2-apoyos-y-practicas,5,ia-educacion/etica-y-transparencia/plagio-autenticidad-era-ia/index.md,/ia-educacion/etica-y-transparencia/plagio-autenticidad-era-ia/,Plagio y autenticidad académica en la era de la IA,page,ia-educacion,1763,apoyo-candidato,reutilizar-con-ajustes,M2|M4,comun,robusto-candidato,5,parcial,6,revision-dirigida,deteccion-de-ia-requiere-mediacion|autoria-o-responsabilidad-de-la-ia-por-revisar,verificacion-y-fuentes|agenciamiento-y-cocreacion|aprendizaje-y-evaluacion-del-proceso|etica-contexto-y-cuidados|decision-institucional-y-tecnologia,false,false,visual-explicativo-candidato,reencuadrar-o-sustituir-tras-lectura,ilustracion-mixta,true,0,0,0,0,,escenario-de-decision-con-consecuencias,H5P.BranchingScenario o alternativa HTML accesible,0,0,crear-enlaces-de-continuidad|conectar-entre-secciones|vincular-orientaciones|vincular-guia-por-audiencia
L2-apoyos-y-practicas,5,ia-educacion/etica-y-transparencia/sesgos-algoritmicos-equidad/index.md,/ia-educacion/etica-y-transparencia/sesgos-algoritmicos-equidad/,Sesgos algorítmicos y equidad educativa,page,ia-educacion,1912,apoyo-candidato,reutilizar-con-ajustes,M2,comun,parcial,4,robusto-candidato,7,revision-dirigida,deteccion-de-ia-requiere-mediacion|autoria-o-responsabilidad-de-la-ia-por-revisar,verificacion-y-fuentes|agenciamiento-y-cocreacion|aprendizaje-y-evaluacion-del-proceso|etica-contexto-y-cuidados|diseno-activo-hibrido|decision-institucional-y-tecnologia,false,false,visual-explicativo-candidato,reencuadrar-o-sustituir-tras-lectura,ilustracion-mixta,true,0,0,0,0,,escenario-de-decision-con-consecuencias,H5P.BranchingScenario o alternativa HTML accesible,0,0,crear-enlaces-de-continuidad|conectar-entre-secciones|vincular-orientaciones|vincular-guia-por-audiencia
L2-apoyos-y-practicas,5,ia-educacion/etica-y-transparencia/transparencia-algoritmica-aula/index.md,/ia-educacion/etica-y-transparencia/transparencia-algoritmica-aula/,Transparencia algorítmica en el aula: prácticas concretas,page,ia-educacion,874,apoyo-candidato,reutilizar-con-ajustes,M2,comun,parcial,3,parcial,6,sin-alerta-automatica,,agenciamiento-y-cocreacion|aprendizaje-y-evaluacion-del-proceso|etica-contexto-y-cuidados|decision-institucional-y-tecnologia,false,false,solo-imagen-de-portada,reencuadrar-o-sustituir-tras-lectura,ilustracion-mixta,true,0,0,0,0,,escenario-de-decision-con-consecuencias,H5P.BranchingScenario o alternativa HTML accesible,5,1,vincular-orientaciones|vincular-guia-por-audiencia
L2-apoyos-y-practicas,5,ia-educacion/guias/aprendizaje-rizomatico-ia/index.md,/ia-educacion/guias/aprendizaje-rizomatico-ia/,Aprendizaje rizomático con IA,page,ia-educacion,1028,apoyo-candidato,revisar-en-fase-editorial,M3|M4|M5|M6,estudiantado|profesorado,parcial,2,parcial,6,sin-alerta-automatica,,verificacion-y-fuentes|agenciamiento-y-cocreacion|aprendizaje-y-evaluacion-del-proceso|etica-contexto-y-cuidados|diseno-activo-hibrido|decision-institucional-y-tecnologia,false,false,solo-imagen-de-portada,reencuadrar-o-sustituir-tras-lectura,ilustracion-mixta,true,0,0,0,0,,escenario-de-decision-con-consecuencias,H5P.BranchingScenario o alternativa HTML accesible,4,1,vincular-orientaciones|vincular-guia-por-audiencia
L2-apoyos-y-practicas,5,ia-educacion/guias/evaluacion-formativa-ia/index.md,/ia-educacion/guias/evaluacion-formativa-ia/,Evaluación formativa con IA — ciclos de retroalimentación iterativa,page,ia-educacion,1817,apoyo-candidato,reutilizar-con-ajustes,M1|M5|M6,profesorado,parcial,4,robusto-candidato,8,revision-dirigida,deteccion-de-ia-requiere-mediacion,verificacion-y-fuentes|agenciamiento-y-cocreacion|aprendizaje-y-evaluacion-del-proceso|etica-contexto-y-cuidados|diseno-activo-hibrido|decision-institucional-y-tecnologia,false,false,figura-gobernada,revisar-para-sustitucion-prioritaria,cgi-infografia-o-ilustracion-heredada,true,2,2,0,0,evidencias-proceso-proporcion|evaluacion-proceso-decision,auditar-y-mediar-h5p-existente,H5P ya gobernado,4,2,vincular-orientaciones|vincular-guia-por-audiencia
L2-apoyos-y-practicas,5,ia-educacion/guias/lineamientos-eticos-ia/index.md,/ia-educacion/guias/lineamientos-eticos-ia/,Veinte sugerencias prácticas para el uso ético de IA en educación superior,page,ia-educacion,1570,apoyo-candidato,reutilizar-con-ajustes,M2|M4,comun,robusto-candidato,5,robusto-candidato,8,revision-dirigida,autoria-o-responsabilidad-de-la-ia-por-revisar,verificacion-y-fuentes|agenciamiento-y-cocreacion|aprendizaje-y-evaluacion-del-proceso|etica-contexto-y-cuidados|diseno-activo-hibrido|decision-institucional-y-tecnologia,false,false,figura-gobernada,reencuadrar-o-sustituir-tras-lectura,ilustracion-mixta,true,2,2,0,0,,escenario-de-decision-con-consecuencias,H5P.BranchingScenario o alternativa HTML accesible,8,3,vincular-orientaciones|vincular-guia-por-audiencia
L2-apoyos-y-practicas,5,laboratorio/practicas/aula-invertida/index.md,/laboratorio/practicas/aula-invertida/,Aula invertida (flipped classroom),page,laboratorio,809,banco-de-practicas,revisar-contra-bloom-e-icap,M5|M6,profesorado,parcial,2,parcial,5,sin-alerta-automatica,,aprendizaje-y-evaluacion-del-proceso|diseno-activo-hibrido|decision-institucional-y-tecnologia,false,false,visual-explicativo-candidato,resolver-candidatos-y-sustituir,portada-ambigua,true,0,0,2,0,,comparador-de-versiones,H5P.ImageSlider o comparador HTML,0,0,crear-enlaces-de-continuidad|conectar-entre-secciones|vincular-orientaciones|vincular-guia-por-audiencia
L2-apoyos-y-practicas,4,ia-educacion/guias/ingenieria-de-prompts-para-docentes/index.md,/ia-educacion/guias/ingenieria-de-prompts-para-docentes/,Ingeniería de prompts para docentes,page,ia-educacion,601,apoyo-candidato,revisar-en-fase-editorial,M3|M4|M5|M6,estudiantado|profesorado,parcial,4,robusto-candidato,7,sin-alerta-automatica,,verificacion-y-fuentes|agenciamiento-y-cocreacion|aprendizaje-y-evaluacion-del-proceso|etica-contexto-y-cuidados|diseno-activo-hibrido,false,false,solo-imagen-de-portada,revisar-para-sustitucion-prioritaria,cgi-infografia-o-ilustracion-heredada,true,0,0,0,0,,escenario-de-decision-con-consecuencias,H5P.BranchingScenario o alternativa HTML accesible,0,0,crear-enlaces-de-continuidad|conectar-entre-secciones|vincular-orientaciones|vincular-guia-por-audiencia
L2-apoyos-y-practicas,4,laboratorio/practicas/abp-con-ia/index.md,/laboratorio/practicas/abp-con-ia/,ABP con IA — proyecto colaborativo documentado,page,laboratorio,827,banco-de-practicas,revisar-contra-bloom-e-icap,M5|M6,profesorado,parcial,2,robusto-candidato,7,sin-alerta-automatica,,verificacion-y-fuentes|agenciamiento-y-cocreacion|aprendizaje-y-evaluacion-del-proceso|etica-contexto-y-cuidados|diseno-activo-hibrido|decision-institucional-y-tecnologia,false,false,solo-imagen-de-portada,revisar-para-sustitucion-prioritaria,cgi-infografia-o-ilustracion-heredada,true,0,0,0,0,,escenario-de-decision-con-consecuencias,H5P.BranchingScenario o alternativa HTML accesible,0,0,crear-enlaces-de-continuidad|conectar-entre-secciones|vincular-orientaciones|vincular-guia-por-audiencia
L2-apoyos-y-practicas,4,laboratorio/practicas/evaluacion-formativa-asistida-ia/index.md,/laboratorio/practicas/evaluacion-formativa-asistida-ia/,Evaluación formativa asistida por IA — portafolios iterativos,page,laboratorio,1075,banco-de-practicas,revisar-contra-bloom-e-icap,M5|M6,profesorado,parcial,2,robusto-candidato,7,sin-alerta-automatica,,agenciamiento-y-cocreacion|aprendizaje-y-evaluacion-del-proceso|etica-contexto-y-cuidados|diseno-activo-hibrido|decision-institucional-y-tecnologia,false,false,solo-imagen-de-portada,revisar-para-sustitucion-prioritaria,cgi-infografia-o-ilustracion-heredada,true,0,0,0,0,,escenario-de-decision-con-consecuencias,H5P.BranchingScenario o alternativa HTML accesible,3,3,vincular-orientaciones|vincular-guia-por-audiencia
L2-apoyos-y-practicas,3,ia-educacion/guias/abp-con-ia/index.md,/ia-educacion/guias/abp-con-ia/,Aprendizaje basado en proyectos (ABP) con IA,page,ia-educacion,1273,banco-de-practicas,revisar-contra-bloom-e-icap,M5|M6,profesorado,parcial,4,robusto-candidato,8,sin-alerta-automatica,,verificacion-y-fuentes|agenciamiento-y-cocreacion|aprendizaje-y-evaluacion-del-proceso|etica-contexto-y-cuidados|diseno-activo-hibrido|decision-institucional-y-tecnologia,false,false,visual-explicativo-candidato,resolver-candidatos-y-sustituir,portada-ambigua,true,0,0,0,0,,escenario-de-decision-con-consecuencias,H5P.BranchingScenario o alternativa HTML accesible,3,1,vincular-orientaciones|vincular-guia-por-audiencia
L3-ejemplos-disciplinares,4,ia-educacion/productos-de-aprendizaje/analisis-de-materiales/index.md,/ia-educacion/productos-de-aprendizaje/analisis-de-materiales/,Análisis de materiales con IAG,page,ia-educacion,731,banco-ejemplos-disciplinarios,preservar-como-ejemplo-no-obligatorio,M5|M6,estudiantado|profesorado,parcial,3,robusto-candidato,8,revision-dirigida,autoria-o-responsabilidad-de-la-ia-por-revisar,verificacion-y-fuentes|agenciamiento-y-cocreacion|aprendizaje-y-evaluacion-del-proceso|etica-contexto-y-cuidados|diseno-activo-hibrido,false,false,sin-visual,conservar-y-normalizar-familia,objetos-disciplinares-violeta,false,0,0,0,0,,ejemplo-anotado-o-comparador,HTML accesible o H5P.ImageSlider cuando existan dos versiones,0,0,crear-enlaces-de-continuidad|vincular-orientaciones|vincular-guia-por-audiencia
L3-ejemplos-disciplinares,4,ia-educacion/productos-de-aprendizaje/articulo/index.md,/ia-educacion/productos-de-aprendizaje/articulo/,Artículo con IAG,page,ia-educacion,1012,banco-ejemplos-disciplinarios,preservar-como-ejemplo-no-obligatorio,M5|M6,estudiantado|profesorado,parcial,2,robusto-candidato,7,revision-dirigida,bloom-como-jerarquia-o-secuencia|autoria-o-responsabilidad-de-la-ia-por-revisar,verificacion-y-fuentes|agenciamiento-y-cocreacion|aprendizaje-y-evaluacion-del-proceso|etica-contexto-y-cuidados|diseno-activo-hibrido,false,false,solo-imagen-de-portada,conservar-y-normalizar-familia,objetos-disciplinares-violeta,true,0,0,0,0,,ejemplo-anotado-o-comparador,HTML accesible o H5P.ImageSlider cuando existan dos versiones,0,0,crear-enlaces-de-continuidad|vincular-orientaciones|vincular-guia-por-audiencia
L3-ejemplos-disciplinares,4,ia-educacion/productos-de-aprendizaje/diseno-de-sistemas/index.md,/ia-educacion/productos-de-aprendizaje/diseno-de-sistemas/,Diseño de sistemas con IAG,page,ia-educacion,694,banco-ejemplos-disciplinarios,preservar-como-ejemplo-no-obligatorio,M5|M6,estudiantado|profesorado,parcial,2,robusto-candidato,8,revision-dirigida,autoria-o-responsabilidad-de-la-ia-por-revisar,agenciamiento-y-cocreacion|aprendizaje-y-evaluacion-del-proceso|etica-contexto-y-cuidados|diseno-activo-hibrido,false,false,sin-visual,conservar-y-normalizar-familia,objetos-disciplinares-violeta,false,0,0,0,0,,ejemplo-anotado-o-comparador,HTML accesible o H5P.ImageSlider cuando existan dos versiones,0,0,crear-enlaces-de-continuidad|vincular-orientaciones|vincular-guia-por-audiencia
L3-ejemplos-disciplinares,4,ia-educacion/productos-de-aprendizaje/ensayo/index.md,/ia-educacion/productos-de-aprendizaje/ensayo/,Ensayo con IA: evaluar el proceso de escritura,page,ia-educacion,3522,banco-ejemplos-disciplinarios,preservar-como-ejemplo-no-obligatorio,M5|M6,estudiantado|profesorado,parcial,3,robusto-candidato,8,revision-dirigida,deteccion-de-ia-requiere-mediacion|autoria-o-responsabilidad-de-la-ia-por-revisar,verificacion-y-fuentes|agenciamiento-y-cocreacion|aprendizaje-y-evaluacion-del-proceso|etica-contexto-y-cuidados|diseno-activo-hibrido|decision-institucional-y-tecnologia,false,false,visual-explicativo-candidato,conservar-y-normalizar-familia,objetos-disciplinares-violeta,true,0,0,0,0,cocreacion-versiones-slider,auditar-y-mediar-h5p-existente,H5P ya gobernado,7,2,vincular-orientaciones|vincular-guia-por-audiencia
L3-ejemplos-disciplinares,4,ia-educacion/productos-de-aprendizaje/entrevista/index.md,/ia-educacion/productos-de-aprendizaje/entrevista/,Entrevista con IAG,page,ia-educacion,858,banco-ejemplos-disciplinarios,preservar-como-ejemplo-no-obligatorio,M5|M6,estudiantado|profesorado,parcial,2,robusto-candidato,8,revision-dirigida,bloom-como-jerarquia-o-secuencia,verificacion-y-fuentes|agenciamiento-y-cocreacion|aprendizaje-y-evaluacion-del-proceso|etica-contexto-y-cuidados|diseno-activo-hibrido,false,false,solo-imagen-de-portada,conservar-y-normalizar-familia,objetos-disciplinares-violeta,true,0,0,0,0,,ejemplo-anotado-o-comparador,HTML accesible o H5P.ImageSlider cuando existan dos versiones,0,0,crear-enlaces-de-continuidad|vincular-orientaciones|vincular-guia-por-audiencia
L3-ejemplos-disciplinares,4,ia-educacion/productos-de-aprendizaje/integracion-de-sistemas/index.md,/ia-educacion/productos-de-aprendizaje/integracion-de-sistemas/,Integración de sistemas con IAG,page,ia-educacion,694,banco-ejemplos-disciplinarios,preservar-como-ejemplo-no-obligatorio,M5|M6,estudiantado|profesorado,parcial,3,robusto-candidato,7,revision-dirigida,deteccion-de-ia-requiere-mediacion,agenciamiento-y-cocreacion|aprendizaje-y-evaluacion-del-proceso|etica-contexto-y-cuidados|diseno-activo-hibrido,false,false,sin-visual,conservar-y-normalizar-familia,objetos-disciplinares-violeta,false,0,0,0,0,,ejemplo-anotado-o-comparador,HTML accesible o H5P.ImageSlider cuando existan dos versiones,0,0,crear-enlaces-de-continuidad|vincular-orientaciones|vincular-guia-por-audiencia
L3-ejemplos-disciplinares,4,ia-educacion/productos-de-aprendizaje/mapa-conceptual/index.md,/ia-educacion/productos-de-aprendizaje/mapa-conceptual/,Mapa conceptual con IAG,page,ia-educacion,816,banco-ejemplos-disciplinarios,preservar-como-ejemplo-no-obligatorio,M5|M6,estudiantado|profesorado,parcial,2,robusto-candidato,8,revision-dirigida,bloom-como-jerarquia-o-secuencia|deteccion-de-ia-requiere-mediacion,agenciamiento-y-cocreacion|aprendizaje-y-evaluacion-del-proceso|etica-contexto-y-cuidados|diseno-activo-hibrido,false,false,solo-imagen-de-portada,conservar-y-normalizar-familia,objetos-disciplinares-violeta,true,0,0,0,0,,ejemplo-anotado-o-comparador,HTML accesible o H5P.ImageSlider cuando existan dos versiones,0,0,crear-enlaces-de-continuidad|vincular-orientaciones|vincular-guia-por-audiencia
L3-ejemplos-disciplinares,4,ia-educacion/productos-de-aprendizaje/modelado-matematico/index.md,/ia-educacion/productos-de-aprendizaje/modelado-matematico/,Modelado matemático con IAG,page,ia-educacion,820,banco-ejemplos-disciplinarios,preservar-como-ejemplo-no-obligatorio,M5|M6,estudiantado|profesorado,parcial,3,robusto-candidato,8,revision-dirigida,bloom-como-jerarquia-o-secuencia,verificacion-y-fuentes|agenciamiento-y-cocreacion|aprendizaje-y-evaluacion-del-proceso|etica-contexto-y-cuidados|diseno-activo-hibrido|decision-institucional-y-tecnologia,false,false,solo-imagen-de-portada,conservar-y-normalizar-familia,objetos-disciplinares-violeta,true,0,0,0,0,,ejemplo-anotado-o-comparador,HTML accesible o H5P.ImageSlider cuando existan dos versiones,0,0,crear-enlaces-de-continuidad|vincular-orientaciones|vincular-guia-por-audiencia
L3-ejemplos-disciplinares,4,ia-educacion/productos-de-aprendizaje/monografia/index.md,/ia-educacion/productos-de-aprendizaje/monografia/,Monografía con IAG,page,ia-educacion,976,banco-ejemplos-disciplinarios,preservar-como-ejemplo-no-obligatorio,M5|M6,estudiantado|profesorado,parcial,3,robusto-candidato,8,revision-dirigida,bloom-como-jerarquia-o-secuencia|autoria-o-responsabilidad-de-la-ia-por-revisar,verificacion-y-fuentes|agenciamiento-y-cocreacion|aprendizaje-y-evaluacion-del-proceso|etica-contexto-y-cuidados|diseno-activo-hibrido,false,false,solo-imagen-de-portada,conservar-y-normalizar-familia,objetos-disciplinares-violeta,true,0,0,0,0,,ejemplo-anotado-o-comparador,HTML accesible o H5P.ImageSlider cuando existan dos versiones,0,0,crear-enlaces-de-continuidad|vincular-orientaciones|vincular-guia-por-audiencia
L3-ejemplos-disciplinares,4,ia-educacion/productos-de-aprendizaje/nota/index.md,/ia-educacion/productos-de-aprendizaje/nota/,Nota con IAG,page,ia-educacion,804,banco-ejemplos-disciplinarios,preservar-como-ejemplo-no-obligatorio,M5|M6,estudiantado|profesorado,parcial,3,robusto-candidato,8,revision-dirigida,bloom-como-jerarquia-o-secuencia|deteccion-de-ia-requiere-mediacion|autoria-o-responsabilidad-de-la-ia-por-revisar,verificacion-y-fuentes|agenciamiento-y-cocreacion|aprendizaje-y-evaluacion-del-proceso|etica-contexto-y-cuidados|diseno-activo-hibrido,false,false,solo-imagen-de-portada,conservar-y-normalizar-familia,objetos-disciplinares-violeta,true,0,0,0,0,,ejemplo-anotado-o-comparador,HTML accesible o H5P.ImageSlider cuando existan dos versiones,0,0,crear-enlaces-de-continuidad|vincular-orientaciones|vincular-guia-por-audiencia
L3-ejemplos-disciplinares,4,ia-educacion/productos-de-aprendizaje/presentacion/index.md,/ia-educacion/productos-de-aprendizaje/presentacion/,Presentación con IAG,page,ia-educacion,836,banco-ejemplos-disciplinarios,preservar-como-ejemplo-no-obligatorio,M5|M6,estudiantado|profesorado,parcial,2,robusto-candidato,9,revision-dirigida,bloom-como-jerarquia-o-secuencia,agenciamiento-y-cocreacion|aprendizaje-y-evaluacion-del-proceso|etica-contexto-y-cuidados|diseno-activo-hibrido,false,false,solo-imagen-de-portada,conservar-y-normalizar-familia,objetos-disciplinares-violeta,true,0,0,0,0,,ejemplo-anotado-o-comparador,HTML accesible o H5P.ImageSlider cuando existan dos versiones,0,0,crear-enlaces-de-continuidad|vincular-orientaciones|vincular-guia-por-audiencia
L3-ejemplos-disciplinares,4,ia-educacion/productos-de-aprendizaje/prototipo/index.md,/ia-educacion/productos-de-aprendizaje/prototipo/,Prototipo con IAG,page,ia-educacion,811,banco-ejemplos-disciplinarios,preservar-como-ejemplo-no-obligatorio,M5|M6,estudiantado|profesorado,parcial,2,robusto-candidato,8,revision-dirigida,bloom-como-jerarquia-o-secuencia,agenciamiento-y-cocreacion|aprendizaje-y-evaluacion-del-proceso|etica-contexto-y-cuidados|diseno-activo-hibrido,false,false,solo-imagen-de-portada,conservar-y-normalizar-familia,objetos-disciplinares-violeta,true,0,0,0,0,,ejemplo-anotado-o-comparador,HTML accesible o H5P.ImageSlider cuando existan dos versiones,0,0,crear-enlaces-de-continuidad|vincular-orientaciones|vincular-guia-por-audiencia
L3-ejemplos-disciplinares,3,ia-educacion/productos-de-aprendizaje/analisis-de-casos/index.md,/ia-educacion/productos-de-aprendizaje/analisis-de-casos/,Análisis de casos con IAG,page,ia-educacion,1493,banco-ejemplos-disciplinarios,preservar-como-ejemplo-no-obligatorio,M5|M6,estudiantado|profesorado,robusto-candidato,5,robusto-candidato,8,revision-dirigida,bloom-como-jerarquia-o-secuencia,verificacion-y-fuentes|agenciamiento-y-cocreacion|aprendizaje-y-evaluacion-del-proceso|etica-contexto-y-cuidados|diseno-activo-hibrido|decision-institucional-y-tecnologia,false,false,solo-imagen-de-portada,conservar-y-normalizar-familia,objetos-disciplinares-violeta,true,0,0,0,0,,ejemplo-anotado-o-comparador,HTML accesible o H5P.ImageSlider cuando existan dos versiones,0,0,crear-enlaces-de-continuidad|vincular-orientaciones|vincular-guia-por-audiencia
L3-ejemplos-disciplinares,3,ia-educacion/productos-de-aprendizaje/cronica/index.md,/ia-educacion/productos-de-aprendizaje/cronica/,Crónica con IAG,page,ia-educacion,932,banco-ejemplos-disciplinarios,preservar-como-ejemplo-no-obligatorio,M5|M6,estudiantado|profesorado,parcial,4,robusto-candidato,8,revision-dirigida,bloom-como-jerarquia-o-secuencia|autoria-o-responsabilidad-de-la-ia-por-revisar,agenciamiento-y-cocreacion|aprendizaje-y-evaluacion-del-proceso|etica-contexto-y-cuidados|diseno-activo-hibrido,false,false,solo-imagen-de-portada,conservar-y-normalizar-familia,objetos-disciplinares-violeta,true,0,0,0,0,,ejemplo-anotado-o-comparador,HTML accesible o H5P.ImageSlider cuando existan dos versiones,0,0,crear-enlaces-de-continuidad|vincular-orientaciones|vincular-guia-por-audiencia
L3-ejemplos-disciplinares,3,ia-educacion/productos-de-aprendizaje/investigacion-de-campo/index.md,/ia-educacion/productos-de-aprendizaje/investigacion-de-campo/,Investigación de campo con IAG,page,ia-educacion,914,banco-ejemplos-disciplinarios,preservar-como-ejemplo-no-obligatorio,M5|M6,estudiantado|profesorado,parcial,4,robusto-candidato,8,revision-dirigida,bloom-como-jerarquia-o-secuencia,verificacion-y-fuentes|agenciamiento-y-cocreacion|aprendizaje-y-evaluacion-del-proceso|etica-contexto-y-cuidados|diseno-activo-hibrido,false,false,solo-imagen-de-portada,conservar-y-normalizar-familia,objetos-disciplinares-violeta,true,0,0,0,0,,ejemplo-anotado-o-comparador,HTML accesible o H5P.ImageSlider cuando existan dos versiones,0,0,crear-enlaces-de-continuidad|vincular-orientaciones|vincular-guia-por-audiencia
L3-ejemplos-disciplinares,3,ia-educacion/productos-de-aprendizaje/proyecto/index.md,/ia-educacion/productos-de-aprendizaje/proyecto/,Proyecto con IAG,page,ia-educacion,887,banco-ejemplos-disciplinarios,preservar-como-ejemplo-no-obligatorio,M5|M6,estudiantado|profesorado,robusto-candidato,5,robusto-candidato,8,revision-dirigida,bloom-como-jerarquia-o-secuencia,verificacion-y-fuentes|agenciamiento-y-cocreacion|aprendizaje-y-evaluacion-del-proceso|etica-contexto-y-cuidados|diseno-activo-hibrido|decision-institucional-y-tecnologia,false,false,solo-imagen-de-portada,conservar-y-normalizar-familia,objetos-disciplinares-violeta,true,0,0,0,0,,ejemplo-anotado-o-comparador,HTML accesible o H5P.ImageSlider cuando existan dos versiones,0,0,crear-enlaces-de-continuidad|vincular-orientaciones|vincular-guia-por-audiencia
L3-ejemplos-disciplinares,3,ia-educacion/productos-de-aprendizaje/reporte-tecnico/index.md,/ia-educacion/productos-de-aprendizaje/reporte-tecnico/,Reporte técnico con IAG,page,ia-educacion,846,banco-ejemplos-disciplinarios,preservar-como-ejemplo-no-obligatorio,M5|M6,estudiantado|profesorado,parcial,4,robusto-candidato,7,revision-dirigida,bloom-como-jerarquia-o-secuencia|deteccion-de-ia-requiere-mediacion|autoria-o-responsabilidad-de-la-ia-por-revisar,verificacion-y-fuentes|agenciamiento-y-cocreacion|aprendizaje-y-evaluacion-del-proceso|etica-contexto-y-cuidados|diseno-activo-hibrido,false,false,solo-imagen-de-portada,conservar-y-normalizar-familia,objetos-disciplinares-violeta,true,0,0,0,0,,ejemplo-anotado-o-comparador,HTML accesible o H5P.ImageSlider cuando existan dos versiones,0,0,crear-enlaces-de-continuidad|vincular-orientaciones|vincular-guia-por-audiencia
L3-ejemplos-disciplinares,3,ia-educacion/productos-de-aprendizaje/resena/index.md,/ia-educacion/productos-de-aprendizaje/resena/,Reseña con IAG,page,ia-educacion,856,banco-ejemplos-disciplinarios,preservar-como-ejemplo-no-obligatorio,M5|M6,estudiantado|profesorado,parcial,4,robusto-candidato,8,revision-dirigida,bloom-como-jerarquia-o-secuencia,agenciamiento-y-cocreacion|aprendizaje-y-evaluacion-del-proceso|etica-contexto-y-cuidados|diseno-activo-hibrido,false,false,solo-imagen-de-portada,conservar-y-normalizar-familia,objetos-disciplinares-violeta,true,0,0,0,0,,ejemplo-anotado-o-comparador,HTML accesible o H5P.ImageSlider cuando existan dos versiones,0,0,crear-enlaces-de-continuidad|vincular-orientaciones|vincular-guia-por-audiencia
L3-ejemplos-disciplinares,2,ia-educacion/productos-de-aprendizaje/analisis-economico/index.md,/ia-educacion/productos-de-aprendizaje/analisis-economico/,Análisis económico con IAG,page,ia-educacion,788,banco-ejemplos-disciplinarios,preservar-como-ejemplo-no-obligatorio,M5|M6,estudiantado|profesorado,parcial,3,robusto-candidato,7,sin-alerta-automatica,,verificacion-y-fuentes|agenciamiento-y-cocreacion|aprendizaje-y-evaluacion-del-proceso|etica-contexto-y-cuidados|diseno-activo-hibrido,false,false,sin-visual,conservar-y-normalizar-familia,objetos-disciplinares-violeta,false,0,0,0,0,,ejemplo-anotado-o-comparador,HTML accesible o H5P.ImageSlider cuando existan dos versiones,0,0,crear-enlaces-de-continuidad|vincular-orientaciones|vincular-guia-por-audiencia
L3-ejemplos-disciplinares,2,ia-educacion/productos-de-aprendizaje/automatizacion-industrial/index.md,/ia-educacion/productos-de-aprendizaje/automatizacion-industrial/,Automatización industrial con IAG,page,ia-educacion,729,banco-ejemplos-disciplinarios,preservar-como-ejemplo-no-obligatorio,M5|M6,estudiantado|profesorado,parcial,2,robusto-candidato,7,sin-alerta-automatica,,agenciamiento-y-cocreacion|aprendizaje-y-evaluacion-del-proceso|etica-contexto-y-cuidados|diseno-activo-hibrido,false,false,sin-visual,conservar-y-normalizar-familia,objetos-disciplinares-violeta,false,0,0,0,0,,ejemplo-anotado-o-comparador,HTML accesible o H5P.ImageSlider cuando existan dos versiones,0,0,crear-enlaces-de-continuidad|vincular-orientaciones|vincular-guia-por-audiencia
L3-ejemplos-disciplinares,2,ia-educacion/productos-de-aprendizaje/control-y-dinamica/index.md,/ia-educacion/productos-de-aprendizaje/control-y-dinamica/,Control y dinámica con IAG,page,ia-educacion,705,banco-ejemplos-disciplinarios,preservar-como-ejemplo-no-obligatorio,M5|M6,estudiantado|profesorado,parcial,2,robusto-candidato,8,sin-alerta-automatica,,verificacion-y-fuentes|agenciamiento-y-cocreacion|aprendizaje-y-evaluacion-del-proceso|etica-contexto-y-cuidados|diseno-activo-hibrido,false,false,sin-visual,conservar-y-normalizar-familia,objetos-disciplinares-violeta,false,0,0,0,0,,ejemplo-anotado-o-comparador,HTML accesible o H5P.ImageSlider cuando existan dos versiones,0,0,crear-enlaces-de-continuidad|vincular-orientaciones|vincular-guia-por-audiencia
L3-ejemplos-disciplinares,2,ia-educacion/productos-de-aprendizaje/investigacion-aplicada/index.md,/ia-educacion/productos-de-aprendizaje/investigacion-aplicada/,Investigación aplicada con IAG,page,ia-educacion,785,banco-ejemplos-disciplinarios,preservar-como-ejemplo-no-obligatorio,M5|M6,estudiantado|profesorado,parcial,2,robusto-candidato,7,sin-alerta-automatica,,verificacion-y-fuentes|agenciamiento-y-cocreacion|aprendizaje-y-evaluacion-del-proceso|etica-contexto-y-cuidados|diseno-activo-hibrido,false,false,sin-visual,conservar-y-normalizar-familia,objetos-disciplinares-violeta,false,0,0,0,0,,ejemplo-anotado-o-comparador,HTML accesible o H5P.ImageSlider cuando existan dos versiones,0,0,crear-enlaces-de-continuidad|vincular-orientaciones|vincular-guia-por-audiencia
L3-ejemplos-disciplinares,2,ia-educacion/productos-de-aprendizaje/metrologia/index.md,/ia-educacion/productos-de-aprendizaje/metrologia/,Metrología con IAG,page,ia-educacion,689,banco-ejemplos-disciplinarios,preservar-como-ejemplo-no-obligatorio,M5|M6,estudiantado|profesorado,parcial,2,robusto-candidato,8,sin-alerta-automatica,,verificacion-y-fuentes|agenciamiento-y-cocreacion|aprendizaje-y-evaluacion-del-proceso|etica-contexto-y-cuidados|diseno-activo-hibrido,false,false,sin-visual,conservar-y-normalizar-familia,objetos-disciplinares-violeta,false,0,0,0,0,,ejemplo-anotado-o-comparador,HTML accesible o H5P.ImageSlider cuando existan dos versiones,0,0,crear-enlaces-de-continuidad|vincular-orientaciones|vincular-guia-por-audiencia
L3-ejemplos-disciplinares,2,ia-educacion/productos-de-aprendizaje/planos-tecnicos/index.md,/ia-educacion/productos-de-aprendizaje/planos-tecnicos/,Planos técnicos con IAG,page,ia-educacion,787,banco-ejemplos-disciplinarios,preservar-como-ejemplo-no-obligatorio,M5|M6,estudiantado|profesorado,parcial,2,robusto-candidato,8,sin-alerta-automatica,,verificacion-y-fuentes|agenciamiento-y-cocreacion|aprendizaje-y-evaluacion-del-proceso|etica-contexto-y-cuidados|diseno-activo-hibrido,false,false,solo-imagen-de-portada,conservar-y-normalizar-familia,objetos-disciplinares-violeta,true,0,0,0,0,,ejemplo-anotado-o-comparador,HTML accesible o H5P.ImageSlider cuando existan dos versiones,0,0,crear-enlaces-de-continuidad|vincular-orientaciones|vincular-guia-por-audiencia
L3-ejemplos-disciplinares,1,ia-educacion/productos-de-aprendizaje/circuitos-electricos/index.md,/ia-educacion/productos-de-aprendizaje/circuitos-electricos/,Circuitos eléctricos con IAG,page,ia-educacion,719,banco-ejemplos-disciplinarios,preservar-como-ejemplo-no-obligatorio,M5|M6,estudiantado|profesorado,parcial,4,robusto-candidato,7,sin-alerta-automatica,,verificacion-y-fuentes|agenciamiento-y-cocreacion|aprendizaje-y-evaluacion-del-proceso|etica-contexto-y-cuidados|diseno-activo-hibrido|decision-institucional-y-tecnologia,false,false,sin-visual,conservar-y-normalizar-familia,objetos-disciplinares-violeta,false,0,0,0,0,,ejemplo-anotado-o-comparador,HTML accesible o H5P.ImageSlider cuando existan dos versiones,0,0,crear-enlaces-de-continuidad|vincular-orientaciones|vincular-guia-por-audiencia
L3-ejemplos-disciplinares,1,ia-educacion/productos-de-aprendizaje/gestion-industrial/index.md,/ia-educacion/productos-de-aprendizaje/gestion-industrial/,Gestión industrial con IAG,page,ia-educacion,718,banco-ejemplos-disciplinarios,preservar-como-ejemplo-no-obligatorio,M5|M6,estudiantado|profesorado,parcial,4,robusto-candidato,7,sin-alerta-automatica,,verificacion-y-fuentes|agenciamiento-y-cocreacion|aprendizaje-y-evaluacion-del-proceso|etica-contexto-y-cuidados|diseno-activo-hibrido|decision-institucional-y-tecnologia,false,false,sin-visual,conservar-y-normalizar-familia,objetos-disciplinares-violeta,false,0,0,0,0,,ejemplo-anotado-o-comparador,HTML accesible o H5P.ImageSlider cuando existan dos versiones,0,0,crear-enlaces-de-continuidad|vincular-orientaciones|vincular-guia-por-audiencia
L3-ejemplos-disciplinares,1,ia-educacion/productos-de-aprendizaje/programacion/index.md,/ia-educacion/productos-de-aprendizaje/programacion/,Programación con IAG,page,ia-educacion,899,banco-ejemplos-disciplinarios,preservar-como-ejemplo-no-obligatorio,M5|M6,estudiantado|profesorado,parcial,4,robusto-candidato,8,sin-alerta-automatica,,verificacion-y-fuentes|agenciamiento-y-cocreacion|aprendizaje-y-evaluacion-del-proceso|etica-contexto-y-cuidados|diseno-activo-hibrido,false,false,solo-imagen-de-portada,conservar-y-normalizar-familia,objetos-disciplinares-violeta,true,0,0,0,0,,ejemplo-anotado-o-comparador,HTML accesible o H5P.ImageSlider cuando existan dos versiones,0,0,crear-enlaces-de-continuidad|vincular-orientaciones|vincular-guia-por-audiencia
L4-referencias-observatorio-y-vigencia,8,recursos/glosario/alfabetizacion-ia/index.md,/recursos/glosario/alfabetizacion-ia/,Alfabetización en IA,page,recursos,182,referencia-opcional,revisar-en-fase-editorial,,estudiantado|profesorado,debil,0,debil,2,revision-dirigida,autoria-o-responsabilidad-de-la-ia-por-revisar,agenciamiento-y-cocreacion|aprendizaje-y-evaluacion-del-proceso|etica-contexto-y-cuidados|diseno-activo-hibrido|decision-institucional-y-tecnologia,false,false,solo-imagen-de-portada,sustituir-por-sistema-de-iconos-o-retirar,neon-tecnologico-generico,true,0,0,0,0,,sin-interaccion-obligatoria,Ninguna,5,3,agregar-description|vincular-orientaciones|vincular-guia-por-audiencia
L4-referencias-observatorio-y-vigencia,6,observatorio/estudios/encuesta-dec-2026.md,/observatorio/estudios/encuesta-dec-2026/,Encuesta DEC 2026 — IA en educación superior,page,observatorio,224,referencia-opcional,conservar-fuera-del-recorrido-obligatorio,,estudiantado|profesorado,debil,1,debil,1,sin-alerta-automatica,,decision-institucional-y-tecnologia,false,false,solo-imagen-de-portada,reencuadrar-o-sustituir-tras-lectura,ilustracion-mixta,true,0,0,0,0,,sin-interaccion-obligatoria,Ninguna,1,1,agregar-summary|vincular-orientaciones|vincular-guia-por-audiencia
L4-referencias-observatorio-y-vigencia,6,recursos/glosario/agentes-de-ia/index.md,/recursos/glosario/agentes-de-ia/,Agentes de IA,page,recursos,102,referencia-opcional,revisar-en-fase-editorial,,estudiantado|profesorado,debil,0,debil,0,sin-alerta-automatica,,aprendizaje-y-evaluacion-del-proceso,false,false,solo-imagen-de-portada,sustituir-por-sistema-de-iconos-o-retirar,neon-tecnologico-generico,true,0,0,0,0,,sin-interaccion-obligatoria,Ninguna,1,0,agregar-description|vincular-orientaciones|vincular-guia-por-audiencia
L4-referencias-observatorio-y-vigencia,6,recursos/glosario/aprendizaje-basado-en-problemas/index.md,/recursos/glosario/aprendizaje-basado-en-problemas/,Aprendizaje basado en problemas,page,recursos,98,referencia-opcional,revisar-en-fase-editorial,,estudiantado|profesorado,debil,0,debil,1,sin-alerta-automatica,,aprendizaje-y-evaluacion-del-proceso,false,false,solo-imagen-de-portada,sustituir-por-sistema-de-iconos-o-retirar,neon-tecnologico-generico,true,0,0,0,0,,sin-interaccion-obligatoria,Ninguna,1,1,agregar-description|vincular-orientaciones|vincular-guia-por-audiencia
L4-referencias-observatorio-y-vigencia,6,recursos/glosario/aprendizaje-digital/index.md,/recursos/glosario/aprendizaje-digital/,Aprendizaje digital,page,recursos,77,referencia-opcional,revisar-en-fase-editorial,,estudiantado|profesorado,debil,0,debil,1,sin-alerta-automatica,,aprendizaje-y-evaluacion-del-proceso|etica-contexto-y-cuidados|diseno-activo-hibrido|decision-institucional-y-tecnologia,false,false,solo-imagen-de-portada,sustituir-por-sistema-de-iconos-o-retirar,neon-tecnologico-generico,true,0,0,0,0,,sin-interaccion-obligatoria,Ninguna,1,1,agregar-description|vincular-orientaciones|vincular-guia-por-audiencia
L4-referencias-observatorio-y-vigencia,6,recursos/glosario/aprendizaje-transformativo/index.md,/recursos/glosario/aprendizaje-transformativo/,Aprendizaje transformativo,page,recursos,110,referencia-opcional,revisar-en-fase-editorial,,estudiantado|profesorado,debil,0,debil,1,sin-alerta-automatica,,aprendizaje-y-evaluacion-del-proceso|etica-contexto-y-cuidados,false,false,solo-imagen-de-portada,sustituir-por-sistema-de-iconos-o-retirar,neon-tecnologico-generico,true,0,0,0,0,,sin-interaccion-obligatoria,Ninguna,2,1,agregar-description|vincular-orientaciones|vincular-guia-por-audiencia
L4-referencias-observatorio-y-vigencia,6,recursos/glosario/ia-generativa/index.md,/recursos/glosario/ia-generativa/,IA generativa,page,recursos,109,referencia-opcional,revisar-en-fase-editorial,,estudiantado|profesorado,debil,1,debil,0,sin-alerta-automatica,,aprendizaje-y-evaluacion-del-proceso|etica-contexto-y-cuidados|decision-institucional-y-tecnologia,false,false,solo-imagen-de-portada,sustituir-por-sistema-de-iconos-o-retirar,neon-tecnologico-generico,true,0,0,0,0,,sin-interaccion-obligatoria,Ninguna,1,1,agregar-description|vincular-orientaciones|vincular-guia-por-audiencia
L4-referencias-observatorio-y-vigencia,6,recursos/glosario/ingenieria-de-prompts/index.md,/recursos/glosario/ingenieria-de-prompts/,Ingeniería de prompts,page,recursos,105,referencia-opcional,revisar-en-fase-editorial,,estudiantado|profesorado,debil,1,debil,2,sin-alerta-automatica,,aprendizaje-y-evaluacion-del-proceso|etica-contexto-y-cuidados,false,false,solo-imagen-de-portada,sustituir-por-sistema-de-iconos-o-retirar,neon-tecnologico-generico,true,0,0,0,0,,sin-interaccion-obligatoria,Ninguna,1,1,agregar-description|vincular-orientaciones|vincular-guia-por-audiencia
L4-referencias-observatorio-y-vigencia,6,recursos/glosario/integridad-academica/index.md,/recursos/glosario/integridad-academica/,Integridad académica,page,recursos,104,referencia-opcional,revisar-en-fase-editorial,,estudiantado|profesorado,debil,0,debil,2,sin-alerta-automatica,,aprendizaje-y-evaluacion-del-proceso|etica-contexto-y-cuidados|decision-institucional-y-tecnologia,false,false,solo-imagen-de-portada,sustituir-por-sistema-de-iconos-o-retirar,neon-tecnologico-generico,true,0,0,0,0,,sin-interaccion-obligatoria,Ninguna,2,1,agregar-description|vincular-orientaciones|vincular-guia-por-audiencia
L4-referencias-observatorio-y-vigencia,6,recursos/glosario/modelo-samr/index.md,/recursos/glosario/modelo-samr/,Modelo SAMR,page,recursos,160,referencia-opcional,revisar-en-fase-editorial,,estudiantado|profesorado,debil,1,debil,2,sin-alerta-automatica,,aprendizaje-y-evaluacion-del-proceso|etica-contexto-y-cuidados|decision-institucional-y-tecnologia,false,false,solo-imagen-de-portada,sustituir-por-sistema-de-iconos-o-retirar,neon-tecnologico-generico,true,0,0,0,0,,sin-interaccion-obligatoria,Ninguna,0,0,agregar-description|crear-enlaces-de-continuidad|vincular-orientaciones|vincular-guia-por-audiencia
L4-referencias-observatorio-y-vigencia,6,recursos/glosario/pensamiento-critico/index.md,/recursos/glosario/pensamiento-critico/,Pensamiento crítico,page,recursos,106,referencia-opcional,revisar-en-fase-editorial,,estudiantado|profesorado,debil,0,debil,2,sin-alerta-automatica,,verificacion-y-fuentes|etica-contexto-y-cuidados,false,false,solo-imagen-de-portada,sustituir-por-sistema-de-iconos-o-retirar,neon-tecnologico-generico,true,0,0,0,0,,sin-interaccion-obligatoria,Ninguna,2,1,agregar-description|vincular-orientaciones|vincular-guia-por-audiencia
L4-referencias-observatorio-y-vigencia,6,recursos/glosario/sesgo-algoritmico/index.md,/recursos/glosario/sesgo-algoritmico/,Sesgo algorítmico,page,recursos,140,referencia-opcional,revisar-en-fase-editorial,,estudiantado|profesorado,debil,0,debil,1,sin-alerta-automatica,,etica-contexto-y-cuidados,false,false,solo-imagen-de-portada,sustituir-por-sistema-de-iconos-o-retirar,neon-tecnologico-generico,true,0,0,0,0,,sin-interaccion-obligatoria,Ninguna,0,0,agregar-description|crear-enlaces-de-continuidad|vincular-orientaciones|vincular-guia-por-audiencia
L4-referencias-observatorio-y-vigencia,6,recursos/institucionales/index.md,/recursos/institucionales/,Recursos institucionales para IA en educación,page,recursos,244,referencia-opcional,conservar-fuera-del-recorrido-obligatorio,,estudiantado|profesorado,debil,0,parcial,4,revision-dirigida,autoria-o-responsabilidad-de-la-ia-por-revisar,agenciamiento-y-cocreacion|aprendizaje-y-evaluacion-del-proceso|etica-contexto-y-cuidados|diseno-activo-hibrido|decision-institucional-y-tecnologia,false,false,solo-imagen-de-portada,revisar-para-sustitucion-prioritaria,cgi-infografia-o-ilustracion-heredada,true,0,0,0,0,,sin-interaccion-obligatoria,Ninguna,0,0,crear-enlaces-de-continuidad|vincular-orientaciones|vincular-guia-por-audiencia
L4-referencias-observatorio-y-vigencia,6,recursos/links/ai-for-education-toolkit.md,/recursos/links/ai-for-education-toolkit/,AI for Education Toolkit — UNESCO,page,recursos,96,referencia-opcional,verificar-vigencia-antes-de-enlazar,,estudiantado|profesorado,debil,0,debil,2,sin-alerta-automatica,,agenciamiento-y-cocreacion|etica-contexto-y-cuidados|decision-institucional-y-tecnologia,false,false,solo-imagen-de-portada,reencuadrar-o-sustituir-tras-lectura,ilustracion-mixta,true,0,0,0,0,,sin-interaccion-obligatoria,Ninguna,0,0,crear-enlaces-de-continuidad|vincular-orientaciones|vincular-guia-por-audiencia
L4-referencias-observatorio-y-vigencia,6,recursos/politica-ia-udeg/index.md,/recursos/politica-ia-udeg/,Sugerencias y criterios para pensar una política de IA en la UdeG,page,recursos,1777,referencia-opcional,conservar-fuera-del-recorrido-obligatorio,,estudiantado|profesorado,debil,1,parcial,5,revision-dirigida,deteccion-de-ia-requiere-mediacion|autoria-o-responsabilidad-de-la-ia-por-revisar,agenciamiento-y-cocreacion|aprendizaje-y-evaluacion-del-proceso|etica-contexto-y-cuidados|diseno-activo-hibrido|decision-institucional-y-tecnologia,false,false,visual-explicativo-candidato,reencuadrar-o-sustituir-tras-lectura,ilustracion-mixta,true,0,0,0,0,,sin-interaccion-obligatoria,Ninguna,0,0,crear-enlaces-de-continuidad|vincular-orientaciones|vincular-guia-por-audiencia
L4-referencias-observatorio-y-vigencia,6,recursos/videos/sal-khan-ia-educacion.md,/recursos/videos/sal-khan-ia-educacion/,Sal Khan: la IA en el aula podría ser el mayor cambio educativo de la historia,page,recursos,178,referencia-opcional,verificar-vigencia-antes-de-enlazar,,estudiantado|profesorado,debil,1,debil,2,sin-alerta-automatica,,aprendizaje-y-evaluacion-del-proceso|diseno-activo-hibrido,false,false,solo-imagen-de-portada,reencuadrar-o-sustituir-tras-lectura,ilustracion-mixta,true,0,0,0,0,,sin-interaccion-obligatoria,Ninguna,0,0,crear-enlaces-de-continuidad|vincular-orientaciones|vincular-guia-por-audiencia
L4-referencias-observatorio-y-vigencia,5,ia-educacion/tendencias/ia-tutorias-mentoria/index.md,/ia-educacion/tendencias/ia-tutorias-mentoria/,IA en tutorías y mentoría estudiantil,page,ia-educacion,943,referencia-opcional,conservar-fuera-del-recorrido-obligatorio,,estudiantado|profesorado,debil,1,parcial,6,revision-dirigida,autoria-o-responsabilidad-de-la-ia-por-revisar,verificacion-y-fuentes|agenciamiento-y-cocreacion|aprendizaje-y-evaluacion-del-proceso|etica-contexto-y-cuidados|decision-institucional-y-tecnologia,false,false,solo-imagen-de-portada,reencuadrar-o-sustituir-tras-lectura,ilustracion-mixta,true,0,0,0,0,,sin-interaccion-obligatoria,Ninguna,3,2,vincular-orientaciones|vincular-guia-por-audiencia
L4-referencias-observatorio-y-vigencia,5,observatorio/documentacion/monitoreo-publicaciones-ia-educativa/index.md,/observatorio/documentacion/monitoreo-publicaciones-ia-educativa/,Monitoreo de publicaciones sobre IA educativa,page,observatorio,788,referencia-opcional,conservar-fuera-del-recorrido-obligatorio,,estudiantado|profesorado,debil,1,parcial,6,revision-dirigida,deteccion-de-ia-requiere-mediacion,agenciamiento-y-cocreacion|aprendizaje-y-evaluacion-del-proceso|etica-contexto-y-cuidados|decision-institucional-y-tecnologia,false,false,solo-imagen-de-portada,reencuadrar-o-sustituir-tras-lectura,ilustracion-mixta,true,0,0,0,0,,sin-interaccion-obligatoria,Ninguna,4,2,vincular-orientaciones|vincular-guia-por-audiencia
L4-referencias-observatorio-y-vigencia,4,blog/agenciamiento-humano-ia/index.md,/blog/agenciamiento-humano-ia/,El agenciamiento persona-IA: ni herramienta ni reemplazo,page,blog,891,referencia-opcional,conservar-fuera-del-recorrido-obligatorio,,estudiantado|profesorado,debil,0,parcial,5,sin-alerta-automatica,,agenciamiento-y-cocreacion|aprendizaje-y-evaluacion-del-proceso|etica-contexto-y-cuidados|decision-institucional-y-tecnologia,false,false,solo-imagen-de-portada,reencuadrar-o-sustituir-tras-lectura,ilustracion-mixta,true,0,0,0,0,,sin-interaccion-obligatoria,Ninguna,3,2,vincular-orientaciones|vincular-guia-por-audiencia
L4-referencias-observatorio-y-vigencia,4,blog/ia-generativa-evaluacion-autentica/index.md,/blog/ia-generativa-evaluacion-autentica/,IA generativa y evaluación auténtica,page,blog,856,referencia-opcional,conservar-fuera-del-recorrido-obligatorio,,estudiantado|profesorado,debil,0,parcial,5,sin-alerta-automatica,,verificacion-y-fuentes|aprendizaje-y-evaluacion-del-proceso|etica-contexto-y-cuidados|decision-institucional-y-tecnologia,false,false,solo-imagen-de-portada,reencuadrar-o-sustituir-tras-lectura,ilustracion-mixta,true,0,0,0,0,,sin-interaccion-obligatoria,Ninguna,3,3,vincular-orientaciones|vincular-guia-por-audiencia
L4-referencias-observatorio-y-vigencia,4,blog/rol-docente-era-ia/index.md,/blog/rol-docente-era-ia/,El rol del docente en la era de la IA,page,blog,830,referencia-opcional,conservar-fuera-del-recorrido-obligatorio,,estudiantado|profesorado,parcial,2,parcial,5,revision-dirigida,autoria-o-responsabilidad-de-la-ia-por-revisar,agenciamiento-y-cocreacion|aprendizaje-y-evaluacion-del-proceso|etica-contexto-y-cuidados|diseno-activo-hibrido|decision-institucional-y-tecnologia,false,false,solo-imagen-de-portada,reencuadrar-o-sustituir-tras-lectura,ilustracion-mixta,true,0,0,0,0,,sin-interaccion-obligatoria,Ninguna,3,3,vincular-orientaciones|vincular-guia-por-audiencia
L4-referencias-observatorio-y-vigencia,4,ia-educacion/tendencias/personalizacion-aprendizaje/index.md,/ia-educacion/tendencias/personalizacion-aprendizaje/,IA generativa y personalización del aprendizaje,page,ia-educacion,914,referencia-opcional,conservar-fuera-del-recorrido-obligatorio,,estudiantado|profesorado,debil,1,parcial,5,sin-alerta-automatica,,aprendizaje-y-evaluacion-del-proceso|diseno-activo-hibrido|decision-institucional-y-tecnologia,false,false,solo-imagen-de-portada,reencuadrar-o-sustituir-tras-lectura,ilustracion-mixta,true,0,0,0,0,,sin-interaccion-obligatoria,Ninguna,3,2,vincular-orientaciones|vincular-guia-por-audiencia
L4-referencias-observatorio-y-vigencia,4,ia-educacion/tendencias/politicas-institucionales-universidades/index.md,/ia-educacion/tendencias/politicas-institucionales-universidades/,Políticas institucionales de IA en universidades,page,ia-educacion,1198,referencia-opcional,conservar-fuera-del-recorrido-obligatorio,,estudiantado|profesorado,parcial,2,parcial,5,revision-dirigida,deteccion-de-ia-requiere-mediacion|autoria-o-responsabilidad-de-la-ia-por-revisar,verificacion-y-fuentes|agenciamiento-y-cocreacion|aprendizaje-y-evaluacion-del-proceso|etica-contexto-y-cuidados|decision-institucional-y-tecnologia,false,false,figura-gobernada,reencuadrar-o-sustituir-tras-lectura,ilustracion-mixta,true,2,2,0,0,,sin-interaccion-obligatoria,Ninguna,5,2,vincular-orientaciones|vincular-guia-por-audiencia
L4-referencias-observatorio-y-vigencia,4,observatorio/documentacion/monitoreo-herramientas-emergentes/index.md,/observatorio/documentacion/monitoreo-herramientas-emergentes/,Monitoreo de herramientas IA emergentes en educación,page,observatorio,817,referencia-opcional,conservar-fuera-del-recorrido-obligatorio,,estudiantado|profesorado,parcial,2,parcial,5,revision-dirigida,deteccion-de-ia-requiere-mediacion,agenciamiento-y-cocreacion|aprendizaje-y-evaluacion-del-proceso|etica-contexto-y-cuidados|decision-institucional-y-tecnologia,false,false,solo-imagen-de-portada,reencuadrar-o-sustituir-tras-lectura,ilustracion-mixta,true,0,0,0,0,,sin-interaccion-obligatoria,Ninguna,5,2,vincular-orientaciones|vincular-guia-por-audiencia
L4-referencias-observatorio-y-vigencia,4,recursos/articulos/autenticidad-evaluacion-ajjawi-bearman/index.md,/recursos/articulos/autenticidad-evaluacion-ajjawi-bearman/,"From authentic assessment to authenticity in assessment: Broadening perspectives — Ajjawi, Bearman et al.",page,recursos,225,referencia-opcional,conservar-como-profundizacion,,estudiantado|profesorado,debil,0,parcial,4,sin-alerta-automatica,,aprendizaje-y-evaluacion-del-proceso|etica-contexto-y-cuidados|decision-institucional-y-tecnologia,false,false,sin-visual,evaluar-si-necesita-portada,sin-featured-local,false,0,0,0,0,,sin-interaccion-obligatoria,Ninguna,0,0,crear-enlaces-de-continuidad|vincular-orientaciones|vincular-guia-por-audiencia
L4-referencias-observatorio-y-vigencia,4,recursos/articulos/cormier-rhizomatic-education/index.md,/recursos/articulos/cormier-rhizomatic-education/,Rhizomatic education: community as curriculum — Cormier,page,recursos,343,referencia-opcional,conservar-como-profundizacion,,estudiantado|profesorado,debil,1,parcial,3,sin-alerta-automatica,,agenciamiento-y-cocreacion|aprendizaje-y-evaluacion-del-proceso|etica-contexto-y-cuidados|decision-institucional-y-tecnologia,false,false,solo-imagen-de-portada,reencuadrar-o-sustituir-tras-lectura,ilustracion-mixta,true,0,0,0,0,,sin-interaccion-obligatoria,Ninguna,3,3,vincular-orientaciones|vincular-guia-por-audiencia
L4-referencias-observatorio-y-vigencia,4,recursos/articulos/genai-feedback-engagement-2025/index.md,/recursos/articulos/genai-feedback-engagement-2025/,Generative AI as an enabler of student feedback engagement,page,recursos,292,referencia-opcional,conservar-como-profundizacion,,estudiantado|profesorado,debil,0,parcial,4,sin-alerta-automatica,,agenciamiento-y-cocreacion|aprendizaje-y-evaluacion-del-proceso|etica-contexto-y-cuidados,false,false,solo-imagen-de-portada,conservar-como-referencia,editorial-situada-o-conceptual-especifica,true,0,0,0,0,,sin-interaccion-obligatoria,Ninguna,2,2,vincular-orientaciones|vincular-guia-por-audiencia
L4-referencias-observatorio-y-vigencia,4,recursos/articulos/guias-iagen-evaluacion-unam/index.md,/recursos/articulos/guias-iagen-evaluacion-unam/,"Tres guías UNAM sobre IA generativa en evaluación: bachillerato, licenciatura y posgrado",page,recursos,1531,referencia-opcional,conservar-como-profundizacion,,estudiantado|profesorado,debil,1,parcial,5,sin-alerta-automatica,,agenciamiento-y-cocreacion|aprendizaje-y-evaluacion-del-proceso|etica-contexto-y-cuidados|diseno-activo-hibrido|decision-institucional-y-tecnologia,false,false,visual-explicativo-candidato,reencuadrar-o-sustituir-tras-lectura,ilustracion-mixta,true,1,0,0,0,,sin-interaccion-obligatoria,Ninguna,6,2,vincular-orientaciones|vincular-guia-por-audiencia
L4-referencias-observatorio-y-vigencia,4,recursos/externas/comunidades-practica-docente-ia/index.md,/recursos/externas/comunidades-practica-docente-ia/,Comunidades de práctica docente con IA,page,recursos,716,referencia-opcional,verificar-vigencia-antes-de-enlazar,,estudiantado|profesorado,debil,0,parcial,4,sin-alerta-automatica,,aprendizaje-y-evaluacion-del-proceso|etica-contexto-y-cuidados|decision-institucional-y-tecnologia,false,false,solo-imagen-de-portada,conservar-como-referencia,editorial-situada-o-conceptual-especifica,true,0,0,0,0,,sin-interaccion-obligatoria,Ninguna,5,4,vincular-orientaciones|vincular-guia-por-audiencia
L4-referencias-observatorio-y-vigencia,4,recursos/glosario/aula-invertida/index.md,/recursos/glosario/aula-invertida/,Aula invertida,page,recursos,159,referencia-opcional,revisar-en-fase-editorial,,estudiantado|profesorado,debil,0,parcial,3,sin-alerta-automatica,,aprendizaje-y-evaluacion-del-proceso|diseno-activo-hibrido,false,false,solo-imagen-de-portada,sustituir-por-sistema-de-iconos-o-retirar,neon-tecnologico-generico,true,0,0,0,0,,sin-interaccion-obligatoria,Ninguna,0,0,agregar-description|crear-enlaces-de-continuidad|vincular-orientaciones|vincular-guia-por-audiencia
L4-referencias-observatorio-y-vigencia,4,recursos/glosario/descarga-cognitiva/index.md,/recursos/glosario/descarga-cognitiva/,Descarga cognitiva,page,recursos,167,referencia-opcional,revisar-en-fase-editorial,,estudiantado|profesorado,parcial,2,debil,2,sin-alerta-automatica,,aprendizaje-y-evaluacion-del-proceso,false,false,solo-imagen-de-portada,sustituir-por-sistema-de-iconos-o-retirar,neon-tecnologico-generico,true,0,0,0,0,,sin-interaccion-obligatoria,Ninguna,5,2,agregar-description|vincular-orientaciones|vincular-guia-por-audiencia
L4-referencias-observatorio-y-vigencia,4,recursos/glosario/diseno-inverso/index.md,/recursos/glosario/diseno-inverso/,Diseño inverso,page,recursos,169,referencia-opcional,reutilizar-con-ajustes,M5,profesorado,debil,0,parcial,4,sin-alerta-automatica,,aprendizaje-y-evaluacion-del-proceso|diseno-activo-hibrido,false,false,solo-imagen-de-portada,sustituir-por-sistema-de-iconos-o-retirar,neon-tecnologico-generico,true,0,0,0,0,,sin-interaccion-obligatoria,Ninguna,0,0,agregar-description|crear-enlaces-de-continuidad|vincular-orientaciones|vincular-guia-por-audiencia
L4-referencias-observatorio-y-vigencia,4,recursos/glosario/ganancia-cognitiva/index.md,/recursos/glosario/ganancia-cognitiva/,Ganancia cognitiva,page,recursos,279,referencia-opcional,revisar-en-fase-editorial,,estudiantado|profesorado,debil,1,parcial,3,sin-alerta-automatica,,agenciamiento-y-cocreacion,false,false,sin-visual,sustituir-por-sistema-de-iconos-o-retirar,neon-tecnologico-generico,false,0,0,0,0,,sin-interaccion-obligatoria,Ninguna,5,3,agregar-description|vincular-orientaciones|vincular-guia-por-audiencia
L4-referencias-observatorio-y-vigencia,4,recursos/glosario/tutor-inteligente/index.md,/recursos/glosario/tutor-inteligente/,Tutor inteligente,page,recursos,131,referencia-opcional,revisar-en-fase-editorial,,estudiantado|profesorado,debil,1,parcial,3,sin-alerta-automatica,,aprendizaje-y-evaluacion-del-proceso,false,false,solo-imagen-de-portada,sustituir-por-sistema-de-iconos-o-retirar,neon-tecnologico-generico,true,0,0,0,0,,sin-interaccion-obligatoria,Ninguna,0,0,agregar-description|crear-enlaces-de-continuidad|vincular-orientaciones|vincular-guia-por-audiencia
L4-referencias-observatorio-y-vigencia,4,recursos/links/ocde-ia-educacion/index.md,/recursos/links/ocde-ia-educacion/,Digital Education Outlook 2026 — OCDE,page,recursos,214,referencia-opcional,verificar-vigencia-antes-de-enlazar,,estudiantado|profesorado,debil,0,parcial,3,sin-alerta-automatica,,agenciamiento-y-cocreacion|aprendizaje-y-evaluacion-del-proceso|etica-contexto-y-cuidados|decision-institucional-y-tecnologia,false,false,solo-imagen-de-portada,reencuadrar-o-sustituir-tras-lectura,ilustracion-mixta,true,0,0,0,0,,sin-interaccion-obligatoria,Ninguna,0,0,crear-enlaces-de-continuidad|vincular-orientaciones|vincular-guia-por-audiencia
L4-referencias-observatorio-y-vigencia,4,recursos/links/unesco-marco-competencias-docentes-ia/index.md,/recursos/links/unesco-marco-competencias-docentes-ia/,Marco de competencias de IA para docentes — UNESCO,page,recursos,207,referencia-opcional,verificar-vigencia-antes-de-enlazar,,estudiantado|profesorado,debil,0,parcial,3,sin-alerta-automatica,,agenciamiento-y-cocreacion|etica-contexto-y-cuidados|decision-institucional-y-tecnologia,false,false,solo-imagen-de-portada,reencuadrar-o-sustituir-tras-lectura,ilustracion-mixta,true,0,0,0,0,,sin-interaccion-obligatoria,Ninguna,0,0,crear-enlaces-de-continuidad|vincular-orientaciones|vincular-guia-por-audiencia
L4-referencias-observatorio-y-vigencia,3,ia-educacion/rutas/coordinacion-academica/index.md,/ia-educacion/rutas/coordinacion-academica/,Coordinar la IA en los procesos docentes,page,ia-educacion,1696,referencia-opcional,conservar-fuera-del-recorrido-obligatorio,,estudiantado|profesorado,parcial,3,robusto-candidato,7,revision-dirigida,deteccion-de-ia-requiere-mediacion|autoria-o-responsabilidad-de-la-ia-por-revisar,verificacion-y-fuentes|agenciamiento-y-cocreacion|aprendizaje-y-evaluacion-del-proceso|etica-contexto-y-cuidados|diseno-activo-hibrido|decision-institucional-y-tecnologia,false,false,figura-gobernada,conservar-como-referencia,editorial-situada-o-conceptual-especifica,true,3,3,1,0,,sin-interaccion-obligatoria,Ninguna,10,4,vincular-orientaciones|vincular-guia-por-audiencia
L4-referencias-observatorio-y-vigencia,3,ia-educacion/rutas/decision-institucional-ia/index.md,/ia-educacion/rutas/decision-institucional-ia/,Decidir institucionalmente sobre IA en la docencia,page,ia-educacion,1534,referencia-opcional,conservar-fuera-del-recorrido-obligatorio,,estudiantado|profesorado,parcial,2,robusto-candidato,7,revision-dirigida,deteccion-de-ia-requiere-mediacion|autoria-o-responsabilidad-de-la-ia-por-revisar,verificacion-y-fuentes|agenciamiento-y-cocreacion|aprendizaje-y-evaluacion-del-proceso|etica-contexto-y-cuidados|diseno-activo-hibrido|decision-institucional-y-tecnologia,false,false,figura-gobernada,conservar-como-referencia,editorial-situada-o-conceptual-especifica,true,3,3,1,0,,sin-interaccion-obligatoria,Ninguna,5,0,vincular-orientaciones|vincular-guia-por-audiencia
L4-referencias-observatorio-y-vigencia,3,ia-educacion/tendencias/evaluacion-en-la-era-ia/index.md,/ia-educacion/tendencias/evaluacion-en-la-era-ia/,"Regar las plantas, no solo construir cercas: repensar la evaluación en la era de la IA",page,ia-educacion,1098,referencia-opcional,conservar-fuera-del-recorrido-obligatorio,,estudiantado|profesorado,parcial,2,parcial,6,revision-dirigida,deteccion-de-ia-requiere-mediacion,verificacion-y-fuentes|agenciamiento-y-cocreacion|aprendizaje-y-evaluacion-del-proceso|etica-contexto-y-cuidados|decision-institucional-y-tecnologia,false,false,figura-gobernada,conservar-como-referencia,editorial-situada-o-conceptual-especifica,true,2,2,0,0,,sin-interaccion-obligatoria,Ninguna,0,0,crear-enlaces-de-continuidad|vincular-orientaciones|vincular-guia-por-audiencia
L4-referencias-observatorio-y-vigencia,3,observatorio/documentacion/redes-investigacion-vinculacion/index.md,/observatorio/documentacion/redes-investigacion-vinculacion/,Redes de investigación y vinculación academia-industria,page,observatorio,879,referencia-opcional,conservar-fuera-del-recorrido-obligatorio,,estudiantado|profesorado,debil,0,parcial,6,sin-alerta-automatica,,agenciamiento-y-cocreacion|aprendizaje-y-evaluacion-del-proceso|etica-contexto-y-cuidados|diseno-activo-hibrido|decision-institucional-y-tecnologia,false,false,solo-imagen-de-portada,conservar-como-referencia,editorial-situada-o-conceptual-especifica,true,0,0,0,0,,sin-interaccion-obligatoria,Ninguna,4,4,vincular-orientaciones|vincular-guia-por-audiencia
L4-referencias-observatorio-y-vigencia,3,observatorio/guias/evaluacion-herramientas-ia-educativas/index.md,/observatorio/guias/evaluacion-herramientas-ia-educativas/,Evaluación de herramientas IA educativas: criterios y matriz,page,observatorio,1025,referencia-opcional,conservar-fuera-del-recorrido-obligatorio,,estudiantado|profesorado,parcial,3,parcial,6,revision-dirigida,autoria-o-responsabilidad-de-la-ia-por-revisar,agenciamiento-y-cocreacion|aprendizaje-y-evaluacion-del-proceso|etica-contexto-y-cuidados|decision-institucional-y-tecnologia,false,false,solo-imagen-de-portada,reencuadrar-o-sustituir-tras-lectura,ilustracion-mixta,true,0,0,0,0,,sin-interaccion-obligatoria,Ninguna,3,3,vincular-orientaciones|vincular-guia-por-audiencia
L4-referencias-observatorio-y-vigencia,3,recursos/catalogo-herramientas-ia/index.md,/recursos/catalogo-herramientas-ia/,Catálogo de herramientas IA para educación universitaria,page,recursos,1712,referencia-opcional,conservar-fuera-del-recorrido-obligatorio,,estudiantado|profesorado,parcial,3,parcial,6,revision-dirigida,deteccion-de-ia-requiere-mediacion,agenciamiento-y-cocreacion|aprendizaje-y-evaluacion-del-proceso|etica-contexto-y-cuidados|diseno-activo-hibrido|decision-institucional-y-tecnologia,false,false,visual-explicativo-candidato,reencuadrar-o-sustituir-tras-lectura,ilustracion-mixta,true,0,0,0,0,,sin-interaccion-obligatoria,Ninguna,0,0,crear-enlaces-de-continuidad|vincular-orientaciones|vincular-guia-por-audiencia
L4-referencias-observatorio-y-vigencia,3,recursos/repositorio-prompts-docentes/index.md,/recursos/repositorio-prompts-docentes/,Repositorio de prompts para docentes: banco curado por fase pedagógica,page,recursos,1364,referencia-opcional,conservar-fuera-del-recorrido-obligatorio,,estudiantado|profesorado,parcial,3,robusto-candidato,7,revision-dirigida,deteccion-de-ia-requiere-mediacion,verificacion-y-fuentes|agenciamiento-y-cocreacion|aprendizaje-y-evaluacion-del-proceso|etica-contexto-y-cuidados|diseno-activo-hibrido|decision-institucional-y-tecnologia,false,false,visual-explicativo-candidato,reencuadrar-o-sustituir-tras-lectura,ilustracion-mixta,true,0,0,0,0,,sin-interaccion-obligatoria,Ninguna,0,0,crear-enlaces-de-continuidad|vincular-orientaciones|vincular-guia-por-audiencia
L4-referencias-observatorio-y-vigencia,2,blog/experiencias-docentes-ia-aula/index.md,/blog/experiencias-docentes-ia-aula/,Experiencias de docentes con IA en el aula: lo que se repite,page,blog,920,referencia-opcional,conservar-fuera-del-recorrido-obligatorio,,estudiantado|profesorado,parcial,3,parcial,5,sin-alerta-automatica,,agenciamiento-y-cocreacion|aprendizaje-y-evaluacion-del-proceso|etica-contexto-y-cuidados|decision-institucional-y-tecnologia,false,false,solo-imagen-de-portada,reencuadrar-o-sustituir-tras-lectura,ilustracion-mixta,true,0,0,0,0,,sin-interaccion-obligatoria,Ninguna,5,3,vincular-orientaciones|vincular-guia-por-audiencia
L4-referencias-observatorio-y-vigencia,2,blog/rizoma-digital-aprender-sin-mapa/index.md,/blog/rizoma-digital-aprender-sin-mapa/,El rizoma digital: aprender sin mapa,page,blog,943,referencia-opcional,conservar-fuera-del-recorrido-obligatorio,,estudiantado|profesorado,parcial,3,parcial,3,sin-alerta-automatica,,agenciamiento-y-cocreacion|aprendizaje-y-evaluacion-del-proceso,false,false,solo-imagen-de-portada,reencuadrar-o-sustituir-tras-lectura,ilustracion-mixta,true,0,0,0,0,,sin-interaccion-obligatoria,Ninguna,3,1,vincular-orientaciones|vincular-guia-por-audiencia
L4-referencias-observatorio-y-vigencia,2,observatorio/estudios/creatividad-humana-ia/index.md,/observatorio/estudios/creatividad-humana-ia/,Creatividad humana e inteligencia artificial: Más allá del antropocentrismo,page,observatorio,518,referencia-opcional,conservar-fuera-del-recorrido-obligatorio,,estudiantado|profesorado,parcial,2,parcial,4,sin-alerta-automatica,,agenciamiento-y-cocreacion|aprendizaje-y-evaluacion-del-proceso|etica-contexto-y-cuidados|decision-institucional-y-tecnologia,false,false,visual-explicativo-candidato,revisar-para-sustitucion-prioritaria,cgi-infografia-o-ilustracion-heredada,true,0,0,1,0,,sin-interaccion-obligatoria,Ninguna,3,2,agregar-description|vincular-orientaciones|vincular-guia-por-audiencia
L4-referencias-observatorio-y-vigencia,2,observatorio/estudios/crisis-revision-pares-ia/index.md,/observatorio/estudios/crisis-revision-pares-ia/,"Más, no mejor: IA, incentivos y la crisis emergente de la revisión por pares",page,observatorio,1300,referencia-opcional,conservar-fuera-del-recorrido-obligatorio,,estudiantado|profesorado,parcial,3,parcial,5,sin-alerta-automatica,,verificacion-y-fuentes|agenciamiento-y-cocreacion|aprendizaje-y-evaluacion-del-proceso|etica-contexto-y-cuidados|decision-institucional-y-tecnologia,false,false,solo-imagen-de-portada,reencuadrar-o-sustituir-tras-lectura,ilustracion-mixta,true,0,0,0,0,,sin-interaccion-obligatoria,Ninguna,4,1,agregar-description|vincular-orientaciones|vincular-guia-por-audiencia
L4-referencias-observatorio-y-vigencia,2,observatorio/estudios/habitar-ia-simondon/index.md,/observatorio/estudios/habitar-ia-simondon/,"Habitar la IA: técnica, cultura y aprendizaje con Simondon",page,observatorio,2228,referencia-opcional,conservar-fuera-del-recorrido-obligatorio,,estudiantado|profesorado,parcial,4,robusto-candidato,7,revision-dirigida,autoria-o-responsabilidad-de-la-ia-por-revisar,agenciamiento-y-cocreacion|aprendizaje-y-evaluacion-del-proceso|etica-contexto-y-cuidados|diseno-activo-hibrido|decision-institucional-y-tecnologia,false,false,visual-explicativo-candidato,reencuadrar-o-sustituir-tras-lectura,ilustracion-mixta,true,3,0,2,0,,sin-interaccion-obligatoria,Ninguna,6,5,agregar-description|vincular-orientaciones|vincular-guia-por-audiencia
L4-referencias-observatorio-y-vigencia,2,recursos/articulos/partnerships-pedagogicos-ia-wang-zhang/index.md,/recursos/articulos/partnerships-pedagogicos-ia-wang-zhang/,Alianzas pedagógicas con IA generativa — Wang & Zhang (2026),page,recursos,1082,referencia-opcional,conservar-como-profundizacion,,estudiantado|profesorado,parcial,3,parcial,4,sin-alerta-automatica,,verificacion-y-fuentes|aprendizaje-y-evaluacion-del-proceso|etica-contexto-y-cuidados|diseno-activo-hibrido|decision-institucional-y-tecnologia,false,false,solo-imagen-de-portada,revisar-para-sustitucion-prioritaria,cgi-infografia-o-ilustracion-heredada,true,0,0,0,0,,sin-interaccion-obligatoria,Ninguna,1,1,vincular-orientaciones|vincular-guia-por-audiencia
L4-referencias-observatorio-y-vigencia,2,recursos/videos/learn-prompting-curso-completo.md,/recursos/videos/learn-prompting-curso-completo/,Learn Prompting: curso completo de ingeniería de prompts,page,recursos,270,referencia-opcional,verificar-vigencia-antes-de-enlazar,,estudiantado|profesorado,parcial,2,parcial,4,sin-alerta-automatica,,etica-contexto-y-cuidados,false,false,solo-imagen-de-portada,reencuadrar-o-sustituir-tras-lectura,ilustracion-mixta,true,0,0,0,0,,sin-interaccion-obligatoria,Ninguna,1,1,vincular-orientaciones|vincular-guia-por-audiencia
L4-referencias-observatorio-y-vigencia,1,blog/aprender-con-ia-vs-aprender-sobre-ia/index.md,/blog/aprender-con-ia-vs-aprender-sobre-ia/,Aprender con IA vs aprender sobre IA,page,blog,781,referencia-opcional,conservar-fuera-del-recorrido-obligatorio,,estudiantado|profesorado,parcial,2,parcial,6,sin-alerta-automatica,,verificacion-y-fuentes|agenciamiento-y-cocreacion|aprendizaje-y-evaluacion-del-proceso|etica-contexto-y-cuidados|decision-institucional-y-tecnologia,false,false,solo-imagen-de-portada,reencuadrar-o-sustituir-tras-lectura,ilustracion-mixta,true,0,0,0,0,,sin-interaccion-obligatoria,Ninguna,4,4,vincular-orientaciones|vincular-guia-por-audiencia
L4-referencias-observatorio-y-vigencia,1,observatorio/guias/documentacion-buenas-practicas-ia/index.md,/observatorio/guias/documentacion-buenas-practicas-ia/,Documentación de buenas prácticas con IA,page,observatorio,766,referencia-opcional,conservar-fuera-del-recorrido-obligatorio,,estudiantado|profesorado,parcial,2,parcial,6,sin-alerta-automatica,,verificacion-y-fuentes|agenciamiento-y-cocreacion|aprendizaje-y-evaluacion-del-proceso|etica-contexto-y-cuidados|diseno-activo-hibrido|decision-institucional-y-tecnologia,false,false,solo-imagen-de-portada,reencuadrar-o-sustituir-tras-lectura,ilustracion-mixta,true,0,0,0,0,,sin-interaccion-obligatoria,Ninguna,6,6,vincular-orientaciones|vincular-guia-por-audiencia
L4-referencias-observatorio-y-vigencia,1,recursos/articulos/next-era-assessment-dec/index.md,/recursos/articulos/next-era-assessment-dec/,The Next Era of Assessment: A Global Review of AI in Assessment Design — Digital Education Council,page,recursos,266,referencia-opcional,conservar-como-profundizacion,,estudiantado|profesorado,parcial,4,parcial,4,sin-alerta-automatica,,verificacion-y-fuentes|agenciamiento-y-cocreacion|aprendizaje-y-evaluacion-del-proceso|etica-contexto-y-cuidados|decision-institucional-y-tecnologia,false,false,solo-imagen-de-portada,revisar-para-sustitucion-prioritaria,cgi-infografia-o-ilustracion-heredada,true,0,0,0,0,,sin-interaccion-obligatoria,Ninguna,0,0,crear-enlaces-de-continuidad|vincular-orientaciones|vincular-guia-por-audiencia
L4-referencias-observatorio-y-vigencia,1,recursos/comparativa-llm-pedagogica/index.md,/recursos/comparativa-llm-pedagogica/,Comparativa pedagógica de LLMs: qué usar para qué tarea,page,recursos,798,referencia-opcional,conservar-fuera-del-recorrido-obligatorio,,estudiantado|profesorado,parcial,2,robusto-candidato,7,sin-alerta-automatica,,agenciamiento-y-cocreacion|aprendizaje-y-evaluacion-del-proceso|etica-contexto-y-cuidados|diseno-activo-hibrido|decision-institucional-y-tecnologia,false,false,solo-imagen-de-portada,reencuadrar-o-sustituir-tras-lectura,ilustracion-mixta,true,0,0,0,0,,sin-interaccion-obligatoria,Ninguna,5,3,vincular-orientaciones|vincular-guia-por-audiencia
L4-referencias-observatorio-y-vigencia,1,recursos/externas/syllabus-internacionales-ia/index.md,/recursos/externas/syllabus-internacionales-ia/,Syllabus universitarios con IA: ejemplos internacionales,page,recursos,748,referencia-opcional,verificar-vigencia-antes-de-enlazar,,estudiantado|profesorado,parcial,4,parcial,5,sin-alerta-automatica,,agenciamiento-y-cocreacion|etica-contexto-y-cuidados|decision-institucional-y-tecnologia,false,false,solo-imagen-de-portada,reencuadrar-o-sustituir-tras-lectura,ilustracion-mixta,true,0,0,0,0,,sin-interaccion-obligatoria,Ninguna,5,4,vincular-orientaciones|vincular-guia-por-audiencia
L4-referencias-observatorio-y-vigencia,1,recursos/videos/tutoriales-herramientas-ia-docentes.md,/recursos/videos/tutoriales-herramientas-ia-docentes/,Tutoriales de herramientas IA para docentes (curaduría),page,recursos,441,referencia-opcional,verificar-vigencia-antes-de-enlazar,,estudiantado|profesorado,parcial,2,parcial,6,sin-alerta-automatica,,agenciamiento-y-cocreacion|aprendizaje-y-evaluacion-del-proceso|etica-contexto-y-cuidados|diseno-activo-hibrido|decision-institucional-y-tecnologia,false,false,solo-imagen-de-portada,reencuadrar-o-sustituir-tras-lectura,ilustracion-mixta,true,0,0,0,0,,sin-interaccion-obligatoria,Ninguna,3,1,vincular-orientaciones|vincular-guia-por-audiencia
L4-referencias-observatorio-y-vigencia,0,observatorio/estudios/paradoja-descarga-cognitiva/index.md,/observatorio/estudios/paradoja-descarga-cognitiva/,La paradoja de la descarga cognitiva en el aprendizaje,page,observatorio,1386,referencia-opcional,conservar-fuera-del-recorrido-obligatorio,,estudiantado|profesorado,parcial,4,parcial,6,sin-alerta-automatica,,verificacion-y-fuentes|agenciamiento-y-cocreacion|aprendizaje-y-evaluacion-del-proceso|etica-contexto-y-cuidados|diseno-activo-hibrido|decision-institucional-y-tecnologia,false,false,figura-gobernada,reencuadrar-o-sustituir-tras-lectura,ilustracion-mixta,true,2,2,0,0,,sin-interaccion-obligatoria,Ninguna,3,2,agregar-description|vincular-orientaciones|vincular-guia-por-audiencia
L5-navegacion-y-material-fuera-del-recorrido,8,recursos/glosario/_index.md,/recursos/glosario/,Glosario de términos,section,recursos,199,navegacion,conservar-como-navegacion,,,debil,0,debil,1,revision-dirigida,correspondencia-samr-bloom-por-revisar,aprendizaje-y-evaluacion-del-proceso|etica-contexto-y-cuidados|diseno-activo-hibrido,false,false,solo-imagen-de-portada,rediseñar-como-identidad-de-seccion,portada-generica-de-seccion,true,0,0,0,0,,sin-interaccion-obligatoria,Ninguna,0,0,vincular-orientaciones|vincular-guia-por-audiencia
L5-navegacion-y-material-fuera-del-recorrido,6,_index.md,/,Aprendizaje digital e IA,section,_index.md,142,navegacion,conservar-como-navegacion,,,debil,0,parcial,5,revision-dirigida,autoria-o-responsabilidad-de-la-ia-por-revisar,aprendizaje-y-evaluacion-del-proceso|etica-contexto-y-cuidados|diseno-activo-hibrido|decision-institucional-y-tecnologia,false,false,visual-explicativo-candidato,no-requiere-portada-adicional,sin-featured-local,false,0,0,0,0,,sin-interaccion-obligatoria,Ninguna,9,9,agregar-summary|vincular-orientaciones|vincular-guia-por-audiencia
L5-navegacion-y-material-fuera-del-recorrido,6,formacion-docente/_index.md,/formacion-docente/,Formación docente,section,formacion-docente,55,navegacion,conservar-como-navegacion,,,debil,0,parcial,4,revision-dirigida,correspondencia-samr-bloom-por-revisar,aprendizaje-y-evaluacion-del-proceso|diseno-activo-hibrido|decision-institucional-y-tecnologia,false,false,solo-imagen-de-portada,rediseñar-como-identidad-de-seccion,portada-generica-de-seccion,true,0,0,0,0,,sin-interaccion-obligatoria,Ninguna,10,0,vincular-orientaciones|vincular-guia-por-audiencia
L5-navegacion-y-material-fuera-del-recorrido,6,ia-educacion/etica-y-transparencia/_index.md,/ia-educacion/etica-y-transparencia/,Ética y transparencia en el uso de IA,section,ia-educacion,123,navegacion,conservar-como-navegacion,,,debil,0,parcial,3,revision-dirigida,autoria-o-responsabilidad-de-la-ia-por-revisar,agenciamiento-y-cocreacion|etica-contexto-y-cuidados|decision-institucional-y-tecnologia,false,false,solo-imagen-de-portada,rediseñar-como-identidad-de-seccion,portada-generica-de-seccion,true,0,0,0,0,,sin-interaccion-obligatoria,Ninguna,0,0,agregar-summary|vincular-orientaciones|vincular-guia-por-audiencia
L5-navegacion-y-material-fuera-del-recorrido,6,ia-educacion/guias/_index.md,/ia-educacion/guias/,Guías prácticas de IA,section,ia-educacion,32,navegacion,conservar-como-navegacion,,,debil,0,debil,1,sin-alerta-automatica,,aprendizaje-y-evaluacion-del-proceso,false,false,solo-imagen-de-portada,rediseñar-como-identidad-de-seccion,portada-generica-de-seccion,true,0,0,0,0,,sin-interaccion-obligatoria,Ninguna,0,0,agregar-summary|vincular-orientaciones|vincular-guia-por-audiencia
L5-navegacion-y-material-fuera-del-recorrido,6,laboratorio/practicas/_index.md,/laboratorio/practicas/,Prácticas pedagógicas,section,laboratorio,26,navegacion,conservar-como-navegacion,,,debil,0,debil,2,sin-alerta-automatica,,aprendizaje-y-evaluacion-del-proceso,false,false,solo-imagen-de-portada,rediseñar-como-identidad-de-seccion,portada-generica-de-seccion,true,0,0,0,0,,sin-interaccion-obligatoria,Ninguna,0,0,vincular-orientaciones|vincular-guia-por-audiencia
L5-navegacion-y-material-fuera-del-recorrido,6,licencia/index.md,/licencia/,Licencia del sitio,page,licencia,476,fuera-del-recorrido-inicial,no-incorporar-al-curso,,,debil,1,parcial,3,revision-dirigida,autoria-o-responsabilidad-de-la-ia-por-revisar,verificacion-y-fuentes|aprendizaje-y-evaluacion-del-proceso|etica-contexto-y-cuidados|decision-institucional-y-tecnologia,false,false,visual-explicativo-candidato,no-requiere-portada-adicional,sin-featured-local,false,0,0,3,0,,sin-interaccion-obligatoria,Ninguna,1,1,agregar-summary|vincular-orientaciones|vincular-guia-por-audiencia
L5-navegacion-y-material-fuera-del-recorrido,6,observatorio/_index.md,/observatorio/,Observatorio de IA y pedagogía digital,section,observatorio,40,navegacion,conservar-como-navegacion,,,debil,1,debil,2,sin-alerta-automatica,,etica-contexto-y-cuidados|decision-institucional-y-tecnologia,false,false,solo-imagen-de-portada,rediseñar-como-identidad-de-seccion,portada-generica-de-seccion,true,0,0,0,0,,sin-interaccion-obligatoria,Ninguna,3,0,vincular-orientaciones|vincular-guia-por-audiencia
L5-navegacion-y-material-fuera-del-recorrido,6,observatorio/estudios/_index.md,/observatorio/estudios/,"Estudios, encuestas y hallazgos",section,observatorio,163,navegacion,conservar-como-navegacion,,,debil,1,debil,1,sin-alerta-automatica,,aprendizaje-y-evaluacion-del-proceso,false,false,solo-imagen-de-portada,rediseñar-como-identidad-de-seccion,portada-generica-de-seccion,true,0,0,0,0,,sin-interaccion-obligatoria,Ninguna,3,0,agregar-description|agregar-summary|vincular-orientaciones|vincular-guia-por-audiencia
L5-navegacion-y-material-fuera-del-recorrido,6,recursos/articulos/_index.md,/recursos/articulos/,Artículos y documentos,section,recursos,17,navegacion,conservar-como-navegacion,,,debil,0,debil,0,sin-alerta-automatica,,aprendizaje-y-evaluacion-del-proceso|etica-contexto-y-cuidados,false,false,solo-imagen-de-portada,rediseñar-como-identidad-de-seccion,portada-generica-de-seccion,true,0,0,0,0,,sin-interaccion-obligatoria,Ninguna,0,0,vincular-orientaciones|vincular-guia-por-audiencia
L5-navegacion-y-material-fuera-del-recorrido,6,recursos/links/_index.md,/recursos/links/,Links relevantes,section,recursos,20,navegacion,conservar-como-navegacion,,,debil,0,debil,2,sin-alerta-automatica,,agenciamiento-y-cocreacion,false,false,solo-imagen-de-portada,rediseñar-como-identidad-de-seccion,portada-generica-de-seccion,true,0,0,0,0,,sin-interaccion-obligatoria,Ninguna,0,0,vincular-orientaciones|vincular-guia-por-audiencia
L5-navegacion-y-material-fuera-del-recorrido,6,recursos/videos/_index.md,/recursos/videos/,Videos,section,recursos,20,navegacion,conservar-como-navegacion,,,debil,0,debil,1,sin-alerta-automatica,,aprendizaje-y-evaluacion-del-proceso|decision-institucional-y-tecnologia,false,false,solo-imagen-de-portada,rediseñar-como-identidad-de-seccion,portada-generica-de-seccion,true,0,0,0,0,,sin-interaccion-obligatoria,Ninguna,0,0,vincular-orientaciones|vincular-guia-por-audiencia
L5-navegacion-y-material-fuera-del-recorrido,4,about.md,/about/,Acerca del proyecto,page,about.md,405,fuera-del-recorrido-inicial,no-incorporar-al-curso,,,debil,0,parcial,4,sin-alerta-automatica,,verificacion-y-fuentes|agenciamiento-y-cocreacion|aprendizaje-y-evaluacion-del-proceso|etica-contexto-y-cuidados|decision-institucional-y-tecnologia,false,false,sin-visual,evaluar-si-necesita-portada,sin-featured-local,false,0,0,0,0,,sin-interaccion-obligatoria,Ninguna,7,7,vincular-orientaciones|vincular-guia-por-audiencia
L5-navegacion-y-material-fuera-del-recorrido,4,blog/_index.md,/blog/,Blog,section,blog,157,navegacion,conservar-como-navegacion,,,debil,0,parcial,4,sin-alerta-automatica,,verificacion-y-fuentes|agenciamiento-y-cocreacion|aprendizaje-y-evaluacion-del-proceso,false,false,sin-visual,evaluar-si-necesita-portada,sin-featured-local,false,0,0,0,0,,sin-interaccion-obligatoria,Ninguna,0,0,vincular-orientaciones|vincular-guia-por-audiencia
L5-navegacion-y-material-fuera-del-recorrido,4,ia-educacion/_index.md,/ia-educacion/,IA en educación,section,ia-educacion,109,navegacion,conservar-como-navegacion,,,parcial,2,parcial,4,revision-dirigida,autoria-o-responsabilidad-de-la-ia-por-revisar,aprendizaje-y-evaluacion-del-proceso|etica-contexto-y-cuidados|diseno-activo-hibrido|decision-institucional-y-tecnologia,false,false,solo-imagen-de-portada,rediseñar-como-identidad-de-seccion,portada-generica-de-seccion,true,0,0,0,0,,sin-interaccion-obligatoria,Ninguna,8,0,vincular-orientaciones|vincular-guia-por-audiencia
L5-navegacion-y-material-fuera-del-recorrido,4,ia-educacion/integracion-curricular/_index.md,/ia-educacion/integracion-curricular/,Integración curricular,section,ia-educacion,238,navegacion,conservar-como-navegacion,,,debil,1,parcial,5,sin-alerta-automatica,,agenciamiento-y-cocreacion|aprendizaje-y-evaluacion-del-proceso|diseno-activo-hibrido|decision-institucional-y-tecnologia,false,false,solo-imagen-de-portada,rediseñar-como-identidad-de-seccion,portada-generica-de-seccion,true,0,0,0,0,,sin-interaccion-obligatoria,Ninguna,2,1,vincular-orientaciones|vincular-guia-por-audiencia
L5-navegacion-y-material-fuera-del-recorrido,4,ia-educacion/rutas/_index.md,/ia-educacion/rutas/,Rutas por audiencia,section,ia-educacion,54,navegacion,conservar-como-navegacion,,,debil,0,parcial,3,sin-alerta-automatica,,aprendizaje-y-evaluacion-del-proceso|etica-contexto-y-cuidados|decision-institucional-y-tecnologia,false,false,sin-visual,evaluar-si-necesita-portada,sin-featured-local,false,0,0,0,0,,sin-interaccion-obligatoria,Ninguna,3,0,vincular-orientaciones|vincular-guia-por-audiencia
L5-navegacion-y-material-fuera-del-recorrido,4,laboratorio/_index.md,/laboratorio/,Laboratorio de innovación docente,section,laboratorio,38,navegacion,conservar-como-navegacion,,,debil,0,parcial,4,sin-alerta-automatica,,aprendizaje-y-evaluacion-del-proceso|etica-contexto-y-cuidados|diseno-activo-hibrido,false,false,solo-imagen-de-portada,rediseñar-como-identidad-de-seccion,portada-generica-de-seccion,true,0,0,0,0,,sin-interaccion-obligatoria,Ninguna,3,0,vincular-orientaciones|vincular-guia-por-audiencia
L5-navegacion-y-material-fuera-del-recorrido,4,laboratorio/h5p-runtime/index.md,/laboratorio/h5p-runtime/,Laboratorio técnico del runtime H5P,page,laboratorio,226,fuera-del-recorrido-inicial,conservar-como-entorno-o-demostracion,,,debil,1,parcial,4,sin-alerta-automatica,,verificacion-y-fuentes|etica-contexto-y-cuidados|diseno-activo-hibrido,false,false,sin-visual,evaluar-si-necesita-portada,sin-featured-local,false,0,0,0,0,runtime-probe|runtime-probe,auditar-y-mediar-h5p-existente,H5P ya gobernado,0,0,agregar-summary|crear-enlaces-de-continuidad|vincular-orientaciones|vincular-guia-por-audiencia
L5-navegacion-y-material-fuera-del-recorrido,4,laboratorio/integracion-ia/_index.md,/laboratorio/integracion-ia/,Integración de IA en los aprendizajes,section,laboratorio,256,navegacion,conservar-como-navegacion,,,debil,1,parcial,5,sin-alerta-automatica,,verificacion-y-fuentes|agenciamiento-y-cocreacion|aprendizaje-y-evaluacion-del-proceso|etica-contexto-y-cuidados|decision-institucional-y-tecnologia,false,false,solo-imagen-de-portada,rediseñar-como-identidad-de-seccion,portada-generica-de-seccion,true,0,0,0,0,,sin-interaccion-obligatoria,Ninguna,2,0,vincular-orientaciones|vincular-guia-por-audiencia
L5-navegacion-y-material-fuera-del-recorrido,4,observatorio/guias/_index.md,/observatorio/guias/,Guías metodológicas,section,observatorio,193,navegacion,conservar-como-navegacion,,,debil,0,parcial,4,sin-alerta-automatica,,agenciamiento-y-cocreacion|aprendizaje-y-evaluacion-del-proceso|etica-contexto-y-cuidados|decision-institucional-y-tecnologia,false,false,solo-imagen-de-portada,rediseñar-como-identidad-de-seccion,portada-generica-de-seccion,true,0,0,0,0,,sin-interaccion-obligatoria,Ninguna,1,0,vincular-orientaciones|vincular-guia-por-audiencia
L5-navegacion-y-material-fuera-del-recorrido,4,recursos/_index.md,/recursos/,Recursos y herramientas,section,recursos,59,navegacion,conservar-como-navegacion,,,debil,0,parcial,4,sin-alerta-automatica,,agenciamiento-y-cocreacion|etica-contexto-y-cuidados|decision-institucional-y-tecnologia,false,false,solo-imagen-de-portada,rediseñar-como-identidad-de-seccion,portada-generica-de-seccion,true,0,0,0,0,,sin-interaccion-obligatoria,Ninguna,7,0,vincular-orientaciones|vincular-guia-por-audiencia
L5-navegacion-y-material-fuera-del-recorrido,4,recursos/externas/_index.md,/recursos/externas/,Recursos externos,section,recursos,233,navegacion,conservar-como-navegacion,,,debil,0,parcial,4,sin-alerta-automatica,,agenciamiento-y-cocreacion|aprendizaje-y-evaluacion-del-proceso|etica-contexto-y-cuidados|decision-institucional-y-tecnologia,false,false,solo-imagen-de-portada,rediseñar-como-identidad-de-seccion,portada-generica-de-seccion,true,0,0,0,0,,sin-interaccion-obligatoria,Ninguna,2,0,vincular-orientaciones|vincular-guia-por-audiencia
L5-navegacion-y-material-fuera-del-recorrido,3,laboratorio/experiencias/_index.md,/laboratorio/experiencias/,Experiencias docentes,section,laboratorio,233,navegacion,conservar-como-navegacion,,,debil,1,parcial,6,sin-alerta-automatica,,agenciamiento-y-cocreacion|aprendizaje-y-evaluacion-del-proceso|etica-contexto-y-cuidados|decision-institucional-y-tecnologia,false,false,solo-imagen-de-portada,rediseñar-como-identidad-de-seccion,portada-generica-de-seccion,true,0,0,0,0,,sin-interaccion-obligatoria,Ninguna,1,0,vincular-orientaciones|vincular-guia-por-audiencia
L5-navegacion-y-material-fuera-del-recorrido,3,laboratorio/integracion-ia/flujos-trabajo-docente-ia/index.md,/laboratorio/integracion-ia/flujos-trabajo-docente-ia/,Flujos de trabajo docente con IA,page,laboratorio,1175,fuera-del-recorrido-inicial,conservar-como-entorno-o-demostracion,,,parcial,3,robusto-candidato,8,revision-dirigida,deteccion-de-ia-requiere-mediacion|autoria-o-responsabilidad-de-la-ia-por-revisar,verificacion-y-fuentes|agenciamiento-y-cocreacion|aprendizaje-y-evaluacion-del-proceso|etica-contexto-y-cuidados|diseno-activo-hibrido|decision-institucional-y-tecnologia,false,false,visual-explicativo-candidato,reencuadrar-o-sustituir-tras-lectura,ilustracion-mixta,true,0,0,0,0,,sin-interaccion-obligatoria,Ninguna,8,8,vincular-orientaciones|vincular-guia-por-audiencia
L5-navegacion-y-material-fuera-del-recorrido,2,ia-educacion/productos-de-aprendizaje/_index.md,/ia-educacion/productos-de-aprendizaje/,Productos de aprendizaje con IAG,section,ia-educacion,241,navegacion,conservar-como-navegacion,,,parcial,2,parcial,5,sin-alerta-automatica,,agenciamiento-y-cocreacion|aprendizaje-y-evaluacion-del-proceso|diseno-activo-hibrido|decision-institucional-y-tecnologia,false,false,solo-imagen-de-portada,rediseñar-como-identidad-de-seccion,portada-generica-de-seccion,true,0,0,0,0,,sin-interaccion-obligatoria,Ninguna,0,0,vincular-orientaciones|vincular-guia-por-audiencia
L5-navegacion-y-material-fuera-del-recorrido,2,ia-educacion/tendencias/_index.md,/ia-educacion/tendencias/,Tendencias y políticas,section,ia-educacion,217,navegacion,conservar-como-navegacion,,,parcial,2,parcial,4,sin-alerta-automatica,,agenciamiento-y-cocreacion|aprendizaje-y-evaluacion-del-proceso|etica-contexto-y-cuidados|diseno-activo-hibrido|decision-institucional-y-tecnologia,false,false,solo-imagen-de-portada,rediseñar-como-identidad-de-seccion,portada-generica-de-seccion,true,0,0,0,0,,sin-interaccion-obligatoria,Ninguna,2,0,vincular-orientaciones|vincular-guia-por-audiencia
L5-navegacion-y-material-fuera-del-recorrido,2,observatorio/documentacion/_index.md,/observatorio/documentacion/,Documentación y diseminación de buenas prácticas,section,observatorio,114,navegacion,conservar-como-navegacion,,,parcial,2,parcial,4,sin-alerta-automatica,,agenciamiento-y-cocreacion|aprendizaje-y-evaluacion-del-proceso|etica-contexto-y-cuidados|decision-institucional-y-tecnologia,false,false,solo-imagen-de-portada,rediseñar-como-identidad-de-seccion,portada-generica-de-seccion,true,0,0,0,0,,sin-interaccion-obligatoria,Ninguna,2,0,vincular-orientaciones|vincular-guia-por-audiencia
L5-navegacion-y-material-fuera-del-recorrido,1,ia-educacion/que-es-la-educacion-digital/index.md,/ia-educacion/que-es-la-educacion-digital/,¿Qué es la educación digital?,page,ia-educacion,1799,fuera-del-recorrido-inicial,no-incorporar-al-curso,,,parcial,2,parcial,6,sin-alerta-automatica,,agenciamiento-y-cocreacion|aprendizaje-y-evaluacion-del-proceso|etica-contexto-y-cuidados|diseno-activo-hibrido|decision-institucional-y-tecnologia,false,false,visual-explicativo-candidato,conservar-como-referencia,editorial-situada-o-conceptual-especifica,true,0,0,1,0,,sin-interaccion-obligatoria,Ninguna,0,0,agregar-summary|crear-enlaces-de-continuidad|vincular-orientaciones|vincular-guia-por-audiencia
